22:56:26,0002,83.64,0.0247,0.0196,0.0204,0.4644,0.0085,0.0458,POSTURA CHIUSA,MOLTO FELICE
22:56:26,0002,53.9,0.0249,0.0188,0.0206,0.4271,0.0107,0.0451,POSTURA CHIUSA,TESO
22:56:27,0002,38.94,0.0234,0.0161,0.0179,0.3823,0.03,0.0266,POSTURA NEUTRA,TESO
22:56:28,0002,41.11,0.0224,0.0152,0.0176,0.3684,0.0285,0.0198,POSTURA NEUTRA,NEUTRO
22:56:28,0002,45.99,0.0226,0.0148,0.0181,0.3815,0.0347,0.0163,POSTURA NEUTRA,NEUTRO
22:56:29,0002,50.61,0.0224,0.0128,0.0171,0.3588,0.0387,0.0205,POSTURA NEUTRA,NEUTRO
22:56:29,0002,59.97,0.0226,0.0132,0.0173,0.3662,0.0267,0.0223,POSTURA NEUTRA,NEUTRO
22:56:30,0002,71.09,0.0227,0.0138,0.0174,0.3622,0.0312,0.031,POSTURA NEUTRA,FELICE
22:56:30,0002,69.97,0.0226,0.014,0.0173,0.3479,0.0395,0.0356,POSTURA CHIUSA,FELICE
22:56:31,0002,41.01,0.0424,0.0177,0.0204,0.3473,0.043,0.0304,POSTURA NEUTRA,FELICE
22:56:31,0002,44.12,0.0411,0.016,0.02,0.352,0.0425,0.0285,POSTURA NEUTRA,NEUTRO
22:56:32,0002,39.32,0.0296,0.011,0.0136,0.2774,0.0226,0.0214,POSTURA APERTA,NEUTRO
22:56:33,0002,22.9,0.0312,0.0083,0.0092,0.2788,0.0419,0.0412,POSTURA CHIUSA,ARRABBIATO
22:56:33,0002,25.22,0.0273,0.0078,0.0081,0.315,0.0522,0.0336,POSTURA NEUTRA,ARRABBIATO
22:56:34,0002,37.96,0.0159,0.0099,0.0093,0.3389,0.0427,0.0245,POSTURA NEUTRA,ARRABBIATO
22:56:34,0002,41.43,0.0127,0.0081,0.0067,0.329,0.0609,0.0325,POSTURA NEUTRA,NEUTRO
22:56:35,0002,44.87,0.0066,0.0067,0.0065,0.3075,0.0598,0.0296,POSTURA NEUTRA,NEUTRO
22:56:35,0002,40.53,0.0086,0.0075,0.0076,0.3053,0.05,0.0224,POSTURA NEUTRA,NEUTRO
22:56:36,0002,34.11,0.0166,0.0106,0.0096,0.3281,0.032,0.0156,POSTURA NEUTRA,NEUTRO
22:56:36,0002,18.77,0.0251,0.0116,0.011,0.3369,0.0202,0.0143,POSTURA APERTA,ARRABBIATO
22:56:37,0002,18.91,0.0268,0.0117,0.0111,0.3616,0.0335,0.0238,POSTURA NEUTRA,ARRABBIATO
22:56:37,0002,12.43,0.0336,0.0122,0.0121,0.3615,0.0309,0.0302,POSTURA NEUTRA,ARRABBIATO
22:56:38,0002,31.06,0.0225,0.0124,0.0119,0.3507,0.0251,0.0257,POSTURA NEUTRA,ARRABBIATO
22:56:38,0002,30.16,0.0162,0.0089,0.0095,0.3637,0.0308,0.0296,POSTURA NEUTRA,ARRABBIATO
22:56:39,0002,27.58,0.0205,0.0115,0.0103,0.3637,0.0351,0.0243,POSTURA NEUTRA,ARRABBIATO
22:56:39,0002,21.1,0.0307,0.0063,0.0071,0.3691,0.0636,0.037,POSTURA CHIUSA,ARRABBIATO
22:56:40,0002,9.13,0.042,0.0061,0.0076,0.3604,0.067,0.0458,POSTURA CHIUSA,ARRABBIATO
22:56:41,0002,16.32,0.0324,0.0078,0.0079,0.3435,0.0613,0.0366,POSTURA CHIUSA,ARRABBIATO
22:56:41,0002,19.08,0.025,0.0098,0.0095,0.3482,0.0175,0.0145,POSTURA APERTA,ARRABBIATO
22:56:42,0002,48.77,0.0148,0.0093,0.0104,0.3108,0.0287,0.0295,POSTURA NEUTRA,ARRABBIATO
22:56:42,0002,64.58,0.0097,0.013,0.0153,0.3986,0.0287,0.033,POSTURA NEUTRA,FELICE
22:56:43,0002,48.13,0.0139,0.0104,0.0127,0.3577,0.091,0.0594,POSTURA CHIUSA,FELICE
22:56:43,0002,35.67,0.0353,0.0133,0.0158,0.3781,0.0837,0.0503,POSTURA CHIUSA,TESO
22:56:44,0002,24.67,0.0541,0.0161,0.0174,0.367,0.0907,0.0597,POSTURA CHIUSA,ARRABBIATO
22:56:44,0002,25.05,0.0544,0.0173,0.0176,0.3526,0.0949,0.0704,POSTURA CHIUSA,SORPRESO
22:56:45,0002,36.48,0.0385,0.0155,0.0168,0.3438,0.1097,0.0855,POSTURA CHIUSA,SORPRESO
22:56:45,0002,42.57,0.0304,0.0138,0.0151,0.3337,0.0952,0.0864,POSTURA CHIUSA,TESO
22:56:46,0002,46.36,0.0209,0.011,0.0116,0.3377,0.0967,0.0956,POSTURA CHIUSA,TESO
22:56:46,0002,44.71,0.009,0.0114,0.0124,0.3397,0.0989,0.0983,POSTURA CHIUSA,TESO
22:56:47,0002,45.39,0.0031,0.0134,0.0145,0.3383,0.1011,0.0998,POSTURA CHIUSA,TESO
22:56:48,0002,49.86,0.0015,0.0132,0.0139,0.3365,0.0996,0.0967,POSTURA CHIUSA,TESO
22:56:48,0002,53.76,0.0007,0.0116,0.0127,0.3338,0.0981,0.0998,POSTURA CHIUSA,TESO
22:56:49,0002,65.65,0.0005,0.0121,0.0129,0.3344,0.1023,0.0982,POSTURA CHIUSA,TESO
22:56:49,0002,72.62,0.0089,0.012,0.0118,0.3379,0.1027,0.0913,POSTURA CHIUSA,TESO
22:56:50,0002,61.19,0.0184,0.0125,0.0118,0.3371,0.1022,0.0904,POSTURA CHIUSA,TESO
22:56:50,0002,55.1,0.0235,0.0129,0.0127,0.3345,0.1017,0.0881,POSTURA CHIUSA,TESO
22:56:51,0002,53.32,0.0253,0.013,0.0126,0.3335,0.1001,0.0923,POSTURA CHIUSA,TESO
22:56:51,0002,41.59,0.0186,0.0102,0.0101,0.3321,0.0775,0.0727,POSTURA CHIUSA,TESO
22:56:52,0002,48.67,0.0052,0.0058,0.0075,0.298,0.0428,0.0338,POSTURA NEUTRA,TESO
22:56:53,0002,51.87,0.002,0.0059,0.0072,0.264,0.0207,0.0216,POSTURA APERTA,SERENO
22:56:53,0002,49.74,0.001,0.0057,0.0069,0.2535,0.015,0.0221,POSTURA APERTA,SERENO
22:56:54,0002,49.77,0.0009,0.0049,0.0066,0.2542,0.0145,0.019,POSTURA APERTA,SERENO
22:56:54,0002,48.94,0.0011,0.0045,0.0056,0.2595,0.0185,0.0163,POSTURA APERTA,SERENO
22:56:55,0002,48.53,0.0009,0.0034,0.0045,0.2597,0.0184,0.0146,POSTURA APERTA,SERENO
22:56:55,0002,50.31,0.0004,0.0033,0.0042,0.2543,0.0165,0.0157,POSTURA APERTA,SERENO
22:56:56,0002,52.01,0.0016,0.0037,0.0045,0.2529,0.0162,0.0149,POSTURA APERTA,SERENO
22:56:56,0002,26.53,0.0236,0.0064,0.0067,0.2489,0.0146,0.0171,POSTURA APERTA,SERENO
22:56:57,0002,18.2,0.0283,0.0069,0.0076,0.2478,0.016,0.0182,POSTURA APERTA,ARRABBIATO
22:56:57,0002,15.57,0.0283,0.0072,0.008,0.2522,0.0173,0.0203,POSTURA APERTA,ARRABBIATO
22:57:01,0002,41.43,0.0223,0.0076,0.0075,0.0,0.0,0.0,POSTURA CHIUSA,ARRABBIATO
22:57:02,0002,42.46,0.0297,0.008,0.0068,0.3344,0.0148,0.0187,POSTURA APERTA,SERENO
22:57:03,0002,39.24,0.0267,0.0072,0.0072,0.3761,0.0127,0.0189,POSTURA APERTA,SERENO
22:57:03,0002,42.07,0.0317,0.0094,0.0091,0.3888,0.0101,0.0229,POSTURA APERTA,SERENO
22:57:04,0002,35.65,0.0314,0.0118,0.0116,0.3783,0.0057,0.0116,POSTURA APERTA,SERENO
22:57:04,0002,39.66,0.0283,0.0128,0.0121,0.3694,0.0061,0.0104,POSTURA APERTA,ARRABBIATO
22:57:05,0002,44.95,0.0262,0.014,0.0134,0.3708,0.0082,0.0118,POSTURA APERTA,SERENO
22:57:05,0002,47.47,0.0251,0.0149,0.0149,0.3678,0.0043,0.0092,POSTURA APERTA,SERENO
22:57:06,0002,39.43,0.028,0.016,0.0157,0.3742,0.0103,0.0122,POSTURA APERTA,SERENO
22:57:06,0002,31.49,0.028,0.0157,0.0152,0.3699,0.0051,0.0182,POSTURA APERTA,ARRABBIATO
22:57:07,0002,42.18,0.0165,0.0095,0.0095,0.3716,0.0063,0.0183,POSTURA APERTA,ARRABBIATO
22:57:07,0002,70.11,0.0076,0.0052,0.0051,0.3732,0.0085,0.0116,POSTURA APERTA,SERENO
22:57:08,0002,87.58,0.0068,0.0069,0.0064,0.3939,0.0106,0.0072,POSTURA APERTA,MOLTO FELICE
17:28:32,07,50.8,0.0012,0.0055,0.0071,0.523,0.0025,0.0157,POSTURA APERTA,SERENO
17:28:33,07,46.51,0.0017,0.0249,0.0253,0.5281,0.0311,0.0046,POSTURA NEUTRA,SERENO
17:28:33,07,40.82,0.0012,0.0236,0.0247,0.5437,0.0341,0.014,POSTURA NEUTRA,NEUTRO
17:28:34,07,43.48,0.0006,0.0238,0.0239,0.5555,0.0373,0.0132,POSTURA NEUTRA,NEUTRO
17:28:34,07,43.75,0.0007,0.0247,0.0253,0.5526,0.0382,0.0075,POSTURA NEUTRA,NEUTRO
17:28:35,07,80.02,0.0215,0.022,0.022,0.5512,0.0345,0.0062,POSTURA NEUTRA,MOLTO FELICE
17:28:35,07,78.04,0.0286,0.0216,0.0212,0.5516,0.0346,0.0083,POSTURA NEUTRA,FELICE
17:28:36,07,52.75,0.0253,0.0197,0.0195,0.5531,0.043,0.0075,POSTURA NEUTRA,MOLTO FELICE
17:28:37,07,25.51,0.0032,0.0215,0.0232,0.5518,0.0369,0.0061,POSTURA NEUTRA,ARRABBIATO
17:28:37,07,20.23,0.0006,0.0249,0.0265,0.5497,0.0317,0.0046,POSTURA NEUTRA,ARRABBIATO
17:28:38,07,20.48,0.0002,0.0235,0.0246,0.5486,0.0363,0.0056,POSTURA NEUTRA,ARRABBIATO
17:28:38,07,27.04,0.0006,0.025,0.026,0.5522,0.0294,0.0095,POSTURA NEUTRA,ARRABBIATO
17:28:39,07,47.1,0.0237,0.0215,0.021,0.546,0.0412,0.0149,POSTURA NEUTRA,NEUTRO
17:28:39,07,51.23,0.0353,0.0198,0.0182,0.5468,0.0317,0.0166,POSTURA NEUTRA,NEUTRO
17:28:40,07,66.2,0.0347,0.0212,0.02,0.5535,0.027,0.0096,POSTURA NEUTRA,FELICE
17:28:40,07,56.99,0.0338,0.0212,0.0202,0.52,0.0356,0.01,POSTURA NEUTRA,FELICE
17:28:41,07,42.94,0.0045,0.0168,0.017,0.5146,0.0418,0.006,POSTURA NEUTRA,NEUTRO
17:28:41,07,47.2,0.0004,0.0211,0.0219,0.5422,0.0167,0.015,POSTURA APERTA,SERENO
17:28:42,07,49.21,0.0003,0.0221,0.0215,0.5338,0.0166,0.0132,POSTURA APERTA,SERENO
17:28:42,07,51.59,0.0007,0.0221,0.0225,0.5294,0.0128,0.0117,POSTURA APERTA,SERENO
17:28:43,07,51.47,0.0006,0.0152,0.0179,0.5341,0.0046,0.0145,POSTURA APERTA,SERENO
18:58:45,07,49.32,0.0018,0.0233,0.0228,0.5562,0.0113,0.0216,POSTURA APERTA,SERENO
18:58:46,07,48.76,0.0021,0.0188,0.0195,0.5519,0.0137,0.0272,POSTURA APERTA,SERENO
18:58:46,07,50.32,0.0016,0.0227,0.0232,0.5484,0.0205,0.0357,POSTURA CHIUSA,SERENO
18:58:47,07,51.56,0.0012,0.0241,0.0246,0.5437,0.0208,0.0353,POSTURA CHIUSA,NEUTRO
18:58:47,07,51.35,0.0012,0.0249,0.0253,0.5463,0.016,0.0323,POSTURA NEUTRA,NEUTRO
18:58:48,07,50.96,0.0013,0.0254,0.0259,0.5516,0.0187,0.0347,POSTURA NEUTRA,TESO
18:58:49,07,50.89,0.0013,0.0253,0.0258,0.5565,0.0109,0.026,POSTURA APERTA,TESO
18:58:49,07,50.03,0.0014,0.025,0.0256,0.5546,0.0089,0.0268,POSTURA APERTA,SERENO
18:58:50,07,50.4,0.0013,0.0249,0.0259,0.5504,0.0116,0.0327,POSTURA NEUTRA,SERENO
18:58:50,07,52.12,0.0016,0.0259,0.0252,0.5369,0.0162,0.0327,POSTURA NEUTRA,TESO
18:58:51,07,53.56,0.0016,0.0255,0.0251,0.499,0.0459,0.0311,POSTURA NEUTRA,TESO
18:58:52,07,51.29,0.0017,0.0261,0.0262,0.4943,0.0884,0.0411,POSTURA CHIUSA,TESO
18:58:52,07,52.58,0.0016,0.0223,0.0234,0.5418,0.0495,0.0337,POSTURA NEUTRA,TESO
18:58:53,07,55.28,0.0011,0.0232,0.0227,0.5439,0.0587,0.0246,POSTURA NEUTRA,NEUTRO
18:58:53,07,56.24,0.001,0.0257,0.0243,0.5401,0.06,0.0213,POSTURA NEUTRA,NEUTRO
18:58:54,07,52.58,0.0012,0.0264,0.0258,0.5446,0.0448,0.0134,POSTURA NEUTRA,NEUTRO
18:58:55,07,48.13,0.0021,0.0251,0.0248,0.5454,0.0478,0.0093,POSTURA NEUTRA,NEUTRO
18:58:55,07,48.09,0.002,0.0255,0.0251,0.5408,0.0514,0.0107,POSTURA NEUTRA,NEUTRO
18:58:56,07,51.25,0.0019,0.0268,0.027,0.5454,0.0434,0.0092,POSTURA NEUTRA,NEUTRO
18:58:57,07,78.9,0.0015,0.0258,0.0248,0.6397,0.0546,0.0197,POSTURA NEUTRA,NEUTRO
18:58:57,07,67.13,0.0018,0.0242,0.0231,0.6279,0.0542,0.0279,POSTURA NEUTRA,FELICE
18:58:58,07,59.77,0.0012,0.0187,0.0184,0.5761,0.0439,0.0194,POSTURA NEUTRA,FELICE
18:58:58,07,56.42,0.001,0.0185,0.0202,0.5414,0.0231,0.0071,POSTURA APERTA,FELICE
18:58:59,07,52.36,0.0012,0.0199,0.021,0.5198,0.0142,0.0072,POSTURA APERTA,SERENO
18:58:59,07,48.7,0.0012,0.0214,0.0224,0.5153,0.0139,0.0056,POSTURA APERTA,SERENO
18:59:00,07,50.02,0.0007,0.0223,0.0237,0.5163,0.0131,0.0053,POSTURA APERTA,SERENO
18:59:01,07,50.77,0.0011,0.0216,0.0229,0.5175,0.0058,0.0084,POSTURA APERTA,SERENO
18:59:01,07,51.16,0.0009,0.0216,0.0228,0.5211,0.0044,0.0109,POSTURA APERTA,SERENO
18:59:02,07,50.17,0.0008,0.0168,0.0176,0.5226,0.0112,0.0073,POSTURA APERTA,SERENO
18:59:02,07,45.25,0.001,0.018,0.0187,0.5194,0.0133,0.0052,POSTURA APERTA,SERENO
18:59:03,07,44.07,0.0009,0.0188,0.0191,0.5163,0.014,0.0054,POSTURA APERTA,SERENO
18:59:04,07,42.23,0.0014,0.0167,0.0179,0.5128,0.015,0.0079,POSTURA APERTA,SERENO
18:59:04,07,40.37,0.0015,0.0146,0.0164,0.5306,0.032,0.0196,POSTURA NEUTRA,SERENO
18:59:05,07,53.77,0.0012,0.0185,0.0206,0.5712,0.0233,0.0134,POSTURA APERTA,NEUTRO
18:59:05,07,45.81,0.0007,0.0196,0.021,0.5866,0.0295,0.0122,POSTURA NEUTRA,NEUTRO
18:59:06,07,45.27,0.0012,0.0245,0.024,0.6056,0.039,0.0168,POSTURA NEUTRA,NEUTRO
18:59:06,07,46.89,0.0021,0.0323,0.0308,0.6424,0.0506,0.0241,POSTURA NEUTRA,NEUTRO
18:59:07,07,64.04,0.0012,0.0312,0.0293,0.5839,0.0477,0.0257,POSTURA NEUTRA,NEUTRO
18:59:08,07,71.11,0.0009,0.0305,0.0269,0.5083,0.05,0.0309,POSTURA NEUTRA,FELICE
18:59:08,07,79.25,0.0004,0.0284,0.0262,0.4653,0.042,0.0337,POSTURA NEUTRA,FELICE
18:59:09,07,74.57,0.0003,0.0277,0.026,0.4495,0.0441,0.0337,POSTURA NEUTRA,FELICE
18:59:09,07,67.65,0.0007,0.0249,0.0247,0.4913,0.0375,0.0276,POSTURA NEUTRA,FELICE
18:59:10,07,42.52,0.0114,0.0355,0.036,0.6536,0.0548,0.0126,POSTURA NEUTRA,FELICE
18:59:11,07,18.65,0.0155,0.033,0.0342,0.7418,0.0658,0.0282,POSTURA NEUTRA,ARRABBIATO
18:59:11,07,34.58,0.009,0.0265,0.0273,0.611,0.0442,0.0207,POSTURA NEUTRA,ARRABBIATO
18:59:12,07,44.76,0.004,0.0211,0.0225,0.5053,0.029,0.0168,POSTURA NEUTRA,ARRABBIATO
18:59:12,07,46.86,0.0025,0.0205,0.0213,0.4642,0.0331,0.0214,POSTURA NEUTRA,NEUTRO
18:59:13,07,47.21,0.002,0.0208,0.0214,0.449,0.0272,0.0233,POSTURA NEUTRA,NEUTRO
18:59:14,07,48.85,0.0014,0.0194,0.02,0.4533,0.0127,0.0213,POSTURA APERTA,NEUTRO
18:59:14,07,48.86,0.0014,0.0202,0.0214,0.5255,0.0322,0.0359,POSTURA CHIUSA,SERENO
18:59:17,07,49.2,0.0018,0.0186,0.0191,0.4427,0.0422,0.0542,POSTURA CHIUSA,SERENO
18:59:19,07,44.76,0.0092,0.0186,0.0194,0.6255,0.0553,0.0198,POSTURA NEUTRA,TESO
18:59:21,07,36.58,0.0177,0.0237,0.0206,0.7382,0.0977,0.0527,POSTURA CHIUSA,ARRABBIATO
18:59:21,07,37.83,0.0104,0.0294,0.0274,0.7988,0.1013,0.0653,POSTURA CHIUSA,ARRABBIATO
18:59:22,07,28.02,0.0049,0.0209,0.0207,0.6866,0.055,0.0474,POSTURA CHIUSA,ARRABBIATO
18:59:25,07,50.1,0.0046,0.0163,0.0173,0.6962,0.0815,0.0272,POSTURA NEUTRA,ARRABBIATO
18:59:26,07,46.22,0.0047,0.0141,0.0154,0.741,0.0867,0.082,POSTURA CHIUSA,ARRABBIATO
18:59:27,07,31.5,0.0022,0.0155,0.0152,0.6289,0.0503,0.0601,POSTURA CHIUSA,ARRABBIATO
18:59:27,07,20.96,0.013,0.015,0.0152,0.5936,0.0452,0.0421,POSTURA CHIUSA,ARRABBIATO
18:59:28,07,27.41,0.0056,0.0152,0.0148,0.5835,0.0391,0.0398,POSTURA CHIUSA,ARRABBIATO
18:59:28,07,24.17,0.0024,0.0157,0.0155,0.573,0.0621,0.0329,POSTURA NEUTRA,ARRABBIATO
18:59:29,07,20.19,0.0009,0.0158,0.0159,0.6117,0.0598,0.0184,POSTURA NEUTRA,ARRABBIATO
18:59:30,07,18.22,0.0005,0.0158,0.0162,0.6634,0.0459,0.0588,POSTURA CHIUSA,ARRABBIATO
18:59:30,07,25.01,0.0012,0.0165,0.0172,0.6039,0.0316,0.0651,POSTURA CHIUSA,ARRABBIATO
18:59:31,07,29.8,0.0015,0.0158,0.016,0.5347,0.0319,0.0548,POSTURA CHIUSA,ARRABBIATO
18:59:32,07,24.7,0.0043,0.0174,0.0173,0.5404,0.0538,0.0567,POSTURA CHIUSA,ARRABBIATO
18:59:32,07,26.59,0.0042,0.0194,0.0201,0.5388,0.0651,0.0584,POSTURA CHIUSA,ARRABBIATO
18:59:33,07,35.27,0.0028,0.0214,0.0224,0.5404,0.0632,0.0636,POSTURA CHIUSA,ARRABBIATO
18:59:33,07,37.54,0.0026,0.0229,0.0236,0.5389,0.0595,0.0619,POSTURA CHIUSA,ARRABBIATO
18:59:34,07,39.72,0.0018,0.0233,0.0242,0.5383,0.0579,0.0605,POSTURA CHIUSA,ARRABBIATO
18:59:35,07,40.74,0.0015,0.0235,0.0244,0.5391,0.0581,0.0604,POSTURA CHIUSA,TESO
18:59:35,07,39.32,0.0018,0.0234,0.0238,0.5361,0.0592,0.062,POSTURA CHIUSA,TESO
18:59:36,07,36.82,0.0016,0.0231,0.0234,0.5342,0.0584,0.0616,POSTURA CHIUSA,TESO
18:59:36,07,34.6,0.0015,0.0232,0.0236,0.5376,0.0571,0.0625,POSTURA CHIUSA,ARRABBIATO
18:59:37,07,35.02,0.0008,0.0216,0.0226,0.5408,0.053,0.0596,POSTURA CHIUSA,ARRABBIATO
18:59:38,07,33.37,0.0007,0.0197,0.02,0.5435,0.0502,0.0589,POSTURA CHIUSA,ARRABBIATO
18:59:38,07,22.9,0.0306,0.0174,0.0164,0.5396,0.0439,0.051,POSTURA CHIUSA,ARRABBIATO
18:59:39,07,22.81,0.041,0.0153,0.0151,0.5259,0.0301,0.0391,POSTURA CHIUSA,ARRABBIATO
18:59:39,07,21.57,0.0406,0.0156,0.0142,0.5208,0.0262,0.0356,POSTURA CHIUSA,ARRABBIATO
18:59:40,07,10.86,0.0383,0.0137,0.0141,0.5084,0.02,0.0289,POSTURA APERTA,ARRABBIATO
18:59:40,07,7.52,0.037,0.0153,0.0122,0.4996,0.0222,0.0281,POSTURA APERTA,ARRABBIATO
18:59:41,07,8.63,0.0362,0.0152,0.0138,0.4993,0.0156,0.0292,POSTURA APERTA,ARRABBIATO
18:59:42,07,9.34,0.0373,0.0153,0.014,0.5007,0.0166,0.0301,POSTURA NEUTRA,ARRABBIATO
18:59:42,07,7.47,0.0364,0.0164,0.0147,0.5051,0.0217,0.0312,POSTURA NEUTRA,ARRABBIATO
18:59:43,07,3.37,0.0355,0.0169,0.0153,0.5081,0.0257,0.0318,POSTURA NEUTRA,ARRABBIATO
18:59:43,07,10.44,0.0263,0.0149,0.0161,0.5102,0.0246,0.0294,POSTURA APERTA,ARRABBIATO
18:59:44,07,31.0,0.0095,0.0158,0.0172,0.5231,0.0233,0.0316,POSTURA NEUTRA,ARRABBIATO
18:59:45,07,22.13,0.0242,0.0199,0.0202,0.581,0.0236,0.0297,POSTURA APERTA,ARRABBIATO
18:59:45,07,33.35,0.0196,0.0205,0.0212,0.6162,0.0559,0.0503,POSTURA CHIUSA,ARRABBIATO
18:59:46,07,39.05,0.0091,0.0238,0.0245,0.6145,0.0758,0.0539,POSTURA CHIUSA,ARRABBIATO
18:59:46,07,45.45,0.005,0.0251,0.0261,0.6259,0.079,0.0558,POSTURA CHIUSA,TESO
18:59:47,07,49.3,0.0033,0.0268,0.0273,0.6312,0.0748,0.0551,POSTURA CHIUSA,TESO
18:59:47,07,50.69,0.0028,0.0271,0.0276,0.6294,0.0717,0.058,POSTURA CHIUSA,TESO
18:59:48,07,64.3,0.004,0.0256,0.0266,0.631,0.0723,0.0555,POSTURA CHIUSA,TESO
18:59:49,07,49.9,0.0157,0.0246,0.0246,0.6335,0.072,0.0561,POSTURA CHIUSA,TESO
18:59:49,07,42.06,0.0218,0.0245,0.0232,0.6326,0.0707,0.0579,POSTURA CHIUSA,TESO
18:59:50,07,38.79,0.0266,0.0237,0.0218,0.6322,0.0689,0.0559,POSTURA CHIUSA,TESO
18:59:50,07,40.69,0.027,0.0242,0.0219,0.6385,0.0722,0.0553,POSTURA CHIUSA,TESO
18:59:51,07,32.06,0.0301,0.0223,0.0213,0.6414,0.0965,0.0611,POSTURA CHIUSA,ARRABBIATO
18:59:52,07,29.03,0.0306,0.0212,0.0213,0.6238,0.0527,0.0448,POSTURA CHIUSA,ARRABBIATO
18:59:52,07,34.2,0.0309,0.0185,0.0188,0.6196,0.0372,0.0195,POSTURA NEUTRA,ARRABBIATO
18:59:53,07,35.55,0.0292,0.0201,0.02,0.6364,0.0367,0.0161,POSTURA NEUTRA,ARRABBIATO
18:59:53,07,33.59,0.0299,0.021,0.021,0.6379,0.0363,0.0155,POSTURA NEUTRA,ARRABBIATO
18:59:54,07,45.23,0.0344,0.0203,0.0199,0.6375,0.0329,0.0108,POSTURA NEUTRA,ARRABBIATO
18:59:55,07,56.85,0.0395,0.0203,0.0198,0.6392,0.0315,0.0107,POSTURA NEUTRA,NEUTRO
18:59:55,07,61.44,0.0403,0.0202,0.0195,0.6392,0.0299,0.0106,POSTURA NEUTRA,NEUTRO
18:59:56,07,53.88,0.0401,0.0205,0.0197,0.6356,0.0298,0.0095,POSTURA NEUTRA,FELICE
18:59:56,07,42.96,0.0403,0.0203,0.0188,0.6328,0.0256,0.008,POSTURA NEUTRA,NEUTRO
18:59:57,07,42.04,0.0453,0.0193,0.0179,0.6152,0.0182,0.0042,POSTURA APERTA,NEUTRO
18:59:58,07,36.96,0.0478,0.018,0.0169,0.6067,0.0163,0.0045,POSTURA APERTA,SERENO
18:59:58,07,34.93,0.0491,0.0181,0.0173,0.6056,0.0191,0.0048,POSTURA APERTA,ARRABBIATO
18:59:59,07,32.78,0.0508,0.0183,0.0175,0.6023,0.0173,0.01,POSTURA APERTA,ARRABBIATO
18:59:59,07,30.4,0.051,0.017,0.0152,0.6001,0.0184,0.0121,POSTURA APERTA,SORPRESO
19:00:00,07,27.38,0.0496,0.0173,0.0152,0.5992,0.0192,0.0128,POSTURA APERTA,SORPRESO
19:00:01,07,17.56,0.0497,0.0166,0.0148,0.6008,0.0177,0.0161,POSTURA APERTA,ARRABBIATO
19:00:01,07,11.54,0.0519,0.0156,0.0147,0.5421,0.0195,0.0169,POSTURA APERTA,ARRABBIATO
19:00:04,07,23.17,0.0347,0.0148,0.0156,0.6731,0.1324,0.0733,POSTURA CHIUSA,ARRABBIATO
19:00:06,07,19.28,0.0313,0.0142,0.0147,0.423,0.0277,0.0744,POSTURA CHIUSA,ARRABBIATO
19:00:07,07,13.66,0.0296,0.0091,0.0113,0.3911,0.0184,0.0425,POSTURA CHIUSA,ARRABBIATO
19:00:07,07,28.32,0.0196,0.0078,0.0086,0.354,0.032,0.0306,POSTURA NEUTRA,ARRABBIATO
19:00:08,07,35.06,0.016,0.0103,0.0089,0.3426,0.0463,0.0327,POSTURA NEUTRA,ARRABBIATO
19:00:10,07,40.96,0.0133,0.0125,0.0104,0.5647,0.1123,0.1022,POSTURA CHIUSA,ARRABBIATO
19:00:11,07,55.0,0.0107,0.0122,0.0089,0.4897,0.068,0.0699,POSTURA CHIUSA,TESO
19:00:12,07,32.27,0.0248,0.016,0.0125,0.4835,0.0516,0.0339,POSTURA NEUTRA,TESO
19:00:12,07,42.81,0.0131,0.0174,0.014,0.4714,0.0615,0.0324,POSTURA NEUTRA,ARRABBIATO
19:00:13,07,59.5,0.0062,0.0179,0.0155,0.5003,0.0972,0.0493,POSTURA CHIUSA,TESO
19:00:13,07,71.46,0.0026,0.0153,0.0132,0.4931,0.065,0.0326,POSTURA NEUTRA,TESO
19:00:14,07,70.67,0.0025,0.0162,0.0143,0.5186,0.1011,0.0663,POSTURA CHIUSA,TESO
19:00:15,07,64.77,0.0009,0.0183,0.0133,0.5262,0.0562,0.0317,POSTURA NEUTRA,TESO
19:00:15,07,67.12,0.0045,0.0171,0.0136,0.5708,0.0609,0.028,POSTURA NEUTRA,TESO
19:00:16,07,52.24,0.0113,0.0149,0.0135,0.5801,0.0605,0.0236,POSTURA NEUTRA,FELICE
19:00:16,07,37.96,0.0224,0.0153,0.0131,0.5983,0.0674,0.0255,POSTURA NEUTRA,NEUTRO
19:00:17,07,45.0,0.0198,0.0184,0.0159,0.612,0.0598,0.0256,POSTURA NEUTRA,NEUTRO
19:00:18,07,54.94,0.0116,0.0201,0.0172,0.6167,0.0584,0.0276,POSTURA NEUTRA,NEUTRO
19:00:18,07,44.9,0.021,0.0206,0.0171,0.6285,0.0557,0.0219,POSTURA NEUTRA,NEUTRO
19:00:19,07,42.65,0.0237,0.0205,0.0175,0.6341,0.0614,0.0287,POSTURA NEUTRA,NEUTRO
19:00:19,07,53.47,0.0185,0.0201,0.0172,0.632,0.0619,0.0195,POSTURA NEUTRA,NEUTRO
19:00:20,07,57.19,0.0151,0.0193,0.0164,0.6351,0.0639,0.0212,POSTURA NEUTRA,NEUTRO
19:00:21,07,55.86,0.0169,0.0181,0.0155,0.6401,0.0615,0.0276,POSTURA NEUTRA,NEUTRO
19:00:21,07,45.18,0.0226,0.0176,0.0161,0.6302,0.0609,0.0163,POSTURA NEUTRA,NEUTRO
19:00:22,07,41.3,0.0283,0.0178,0.0162,0.6253,0.0617,0.0228,POSTURA NEUTRA,NEUTRO
19:00:22,07,39.54,0.0289,0.0185,0.0165,0.6163,0.0636,0.0316,POSTURA NEUTRA,NEUTRO
19:00:23,07,56.08,0.0128,0.0182,0.0165,0.6216,0.0563,0.0228,POSTURA NEUTRA,NEUTRO
19:00:23,07,55.46,0.0125,0.0191,0.0142,0.5875,0.0599,0.0134,POSTURA NEUTRA,NEUTRO
19:00:24,07,55.62,0.013,0.0206,0.0158,0.598,0.0573,0.0326,POSTURA NEUTRA,NEUTRO
19:00:25,07,58.33,0.0082,0.0201,0.017,0.6187,0.0592,0.0487,POSTURA CHIUSA,NEUTRO
19:00:25,07,51.95,0.0189,0.0193,0.0174,0.6204,0.0591,0.0466,POSTURA CHIUSA,TESO
19:00:26,07,46.28,0.0224,0.016,0.0164,0.627,0.0595,0.0288,POSTURA NEUTRA,TESO
19:00:27,07,53.05,0.0178,0.017,0.0163,0.5996,0.0493,0.0269,POSTURA NEUTRA,TESO
19:00:28,07,60.24,0.014,0.0195,0.0154,0.5646,0.0376,0.0258,POSTURA NEUTRA,TESO
19:00:29,07,42.97,0.0219,0.0183,0.0144,0.5061,0.0363,0.0122,POSTURA NEUTRA,NEUTRO
19:00:29,07,34.81,0.0208,0.0182,0.0146,0.5317,0.0304,0.0064,POSTURA NEUTRA,NEUTRO
19:00:30,07,39.06,0.0084,0.0139,0.0137,0.5477,0.0631,0.0099,POSTURA NEUTRA,NEUTRO
19:00:30,07,41.43,0.005,0.0151,0.0152,0.5502,0.0699,0.0226,POSTURA NEUTRA,NEUTRO
19:00:31,07,50.49,0.0028,0.0214,0.0219,0.5486,0.0877,0.0469,POSTURA CHIUSA,NEUTRO
19:00:32,07,52.03,0.0019,0.022,0.0206,0.515,0.1054,0.0632,POSTURA CHIUSA,TESO
19:00:32,07,34.69,0.0016,0.021,0.0207,0.5327,0.0985,0.0522,POSTURA CHIUSA,TESO
19:00:33,07,31.67,0.0043,0.0208,0.0201,0.5499,0.0917,0.0425,POSTURA CHIUSA,ARRABBIATO
19:00:33,07,41.37,0.0076,0.0223,0.0218,0.5475,0.0822,0.0402,POSTURA CHIUSA,ARRABBIATO
19:00:34,07,42.14,0.0123,0.0219,0.0252,0.5628,0.0647,0.0329,POSTURA NEUTRA,TESO
19:00:35,07,48.97,0.0086,0.0227,0.0239,0.6329,0.0472,0.0304,POSTURA NEUTRA,TESO
19:00:35,07,51.85,0.0051,0.0179,0.0177,0.5808,0.0327,0.0258,POSTURA NEUTRA,NEUTRO
19:00:36,07,54.6,0.0033,0.0144,0.0167,0.5605,0.0532,0.0397,POSTURA CHIUSA,NEUTRO
19:00:37,07,53.81,0.0029,0.0191,0.0192,0.5638,0.0795,0.0563,POSTURA CHIUSA,TESO
19:00:37,07,57.06,0.0022,0.0216,0.0214,0.5643,0.0959,0.0663,POSTURA CHIUSA,TESO
19:00:38,07,60.4,0.0199,0.0202,0.0198,0.5624,0.0996,0.0684,POSTURA CHIUSA,TESO
19:00:38,07,77.78,0.0255,0.0191,0.0188,0.5629,0.0987,0.0664,POSTURA CHIUSA,TESO
19:00:39,07,75.29,0.027,0.018,0.0171,0.5553,0.0549,0.0406,POSTURA CHIUSA,TESO
19:00:40,07,62.49,0.027,0.0155,0.0146,0.5332,0.0296,0.0262,POSTURA NEUTRA,TESO
19:00:40,07,57.86,0.0263,0.0145,0.0135,0.5216,0.0263,0.0244,POSTURA NEUTRA,FELICE
19:00:41,07,62.78,0.0263,0.0141,0.0133,0.5209,0.0259,0.0251,POSTURA NEUTRA,FELICE
19:00:41,07,59.22,0.0268,0.0143,0.0131,0.5268,0.0349,0.0277,POSTURA NEUTRA,FELICE
19:00:42,07,53.75,0.0272,0.0135,0.0125,0.5327,0.06,0.041,POSTURA CHIUSA,FELICE
19:00:42,07,50.2,0.0272,0.0132,0.0108,0.5276,0.0886,0.0551,POSTURA CHIUSA,TESO
19:00:43,07,49.6,0.0267,0.0133,0.0119,0.5204,0.1086,0.0651,POSTURA CHIUSA,TESO
19:00:44,07,49.61,0.0267,0.0137,0.0126,0.5184,0.1159,0.0684,POSTURA CHIUSA,TESO
19:00:44,07,44.91,0.0272,0.0129,0.0128,0.5189,0.0664,0.0366,POSTURA CHIUSA,TESO
19:00:45,07,45.87,0.0295,0.0127,0.0123,0.5179,0.0744,0.0495,POSTURA CHIUSA,TESO
19:00:45,07,39.59,0.0302,0.0149,0.0132,0.519,0.0497,0.0298,POSTURA NEUTRA,TESO
19:00:46,07,33.64,0.0319,0.0218,0.0216,0.7758,0.0724,0.0508,POSTURA CHIUSA,TESO
19:00:47,07,39.75,0.0175,0.0185,0.0176,0.6379,0.0488,0.028,POSTURA NEUTRA,ARRABBIATO
19:00:48,07,48.33,0.0063,0.0163,0.0153,0.5359,0.0201,0.0147,POSTURA APERTA,NEUTRO
19:00:48,07,48.47,0.0027,0.0166,0.0163,0.5057,0.0092,0.0128,POSTURA APERTA,SERENO
19:00:49,07,47.57,0.0016,0.0175,0.018,0.4994,0.0077,0.0092,POSTURA APERTA,SERENO
19:00:49,07,47.95,0.0148,0.0153,0.0152,0.4945,0.0077,0.0097,POSTURA APERTA,SERENO
19:00:50,07,46.55,0.0222,0.0135,0.0126,0.4921,0.0085,0.0094,POSTURA APERTA,SERENO
19:00:51,07,51.14,0.0234,0.0126,0.0114,0.4923,0.0087,0.0092,POSTURA APERTA,SERENO
19:00:51,07,49.75,0.0235,0.0127,0.0114,0.4917,0.0098,0.0086,POSTURA APERTA,SERENO
19:00:52,07,49.18,0.0232,0.0128,0.0117,0.4915,0.0097,0.0088,POSTURA APERTA,SERENO
19:00:52,07,48.96,0.0182,0.0103,0.0103,0.491,0.0084,0.0068,POSTURA APERTA,SERENO
19:00:53,07,46.84,0.0066,0.0131,0.0136,0.4908,0.0085,0.0071,POSTURA APERTA,SERENO
19:00:54,07,44.37,0.0025,0.0153,0.0161,0.4907,0.0083,0.0057,POSTURA APERTA,SERENO
19:00:54,07,37.62,0.0014,0.0153,0.0165,0.4893,0.0072,0.0038,POSTURA APERTA,SERENO
19:00:55,07,33.86,0.0006,0.0159,0.0166,0.4872,0.0074,0.003,POSTURA APERTA,ARRABBIATO
19:00:55,07,38.03,0.0004,0.0133,0.0127,0.488,0.0084,0.003,POSTURA APERTA,ARRABBIATO
19:00:56,07,39.64,0.0003,0.0119,0.0116,0.491,0.0072,0.0034,POSTURA APERTA,SERENO
19:00:57,07,46.77,0.0007,0.0126,0.0117,0.4822,0.0214,0.0098,POSTURA APERTA,SERENO
19:00:57,07,65.55,0.0012,0.0148,0.0148,0.477,0.0291,0.0123,POSTURA NEUTRA,SERENO
19:00:58,07,75.52,0.003,0.0155,0.0159,0.4731,0.0256,0.0057,POSTURA NEUTRA,FELICE
19:00:58,07,85.49,0.0025,0.016,0.0171,0.4745,0.0255,0.0055,POSTURA NEUTRA,FELICE
19:00:59,07,73.1,0.0102,0.0143,0.0155,0.4828,0.0178,0.0065,POSTURA APERTA,MOLTO FELICE
19:00:59,07,41.21,0.0216,0.0124,0.0131,0.4823,0.0177,0.0161,POSTURA APERTA,MOLTO FELICE
19:01:00,07,30.59,0.026,0.0104,0.0105,0.4833,0.0375,0.0321,POSTURA NEUTRA,ARRABBIATO
19:01:01,07,31.68,0.0281,0.008,0.0065,0.49,0.0672,0.0452,POSTURA CHIUSA,ARRABBIATO
19:01:01,07,28.24,0.0279,0.0098,0.009,0.483,0.0866,0.0542,POSTURA CHIUSA,ARRABBIATO
19:01:02,07,32.08,0.0293,0.012,0.012,0.4936,0.0828,0.0487,POSTURA CHIUSA,ARRABBIATO
19:01:02,07,73.09,0.0295,0.0178,0.0181,0.5433,0.0576,0.034,POSTURA NEUTRA,ARRABBIATO
19:01:03,07,91.05,0.028,0.0208,0.0219,0.574,0.0512,0.0313,POSTURA NEUTRA,MOLTO FELICE
19:01:04,07,97.07,0.0269,0.0218,0.0232,0.585,0.0482,0.0301,POSTURA NEUTRA,MOLTO FELICE
19:01:04,07,98.39,0.0267,0.0202,0.0215,0.5845,0.0475,0.0301,POSTURA NEUTRA,MOLTO FELICE
19:01:05,07,95.92,0.0279,0.0196,0.0211,0.5784,0.053,0.0363,POSTURA CHIUSA,MOLTO FELICE
19:01:05,07,92.66,0.0286,0.0199,0.0211,0.5697,0.0628,0.0423,POSTURA CHIUSA,MOLTO FELICE
19:01:06,07,92.2,0.0294,0.0192,0.0203,0.5691,0.0619,0.0412,POSTURA CHIUSA,MOLTO FELICE
19:01:07,07,92.05,0.0304,0.0162,0.0163,0.5741,0.0617,0.0414,POSTURA CHIUSA,MOLTO FELICE
19:01:07,07,90.57,0.03,0.0185,0.019,0.5754,0.0583,0.0411,POSTURA CHIUSA,MOLTO FELICE
19:01:08,07,88.45,0.0298,0.0202,0.0211,0.5757,0.0573,0.0424,POSTURA CHIUSA,MOLTO FELICE
19:01:08,07,87.16,0.0309,0.021,0.0218,0.575,0.062,0.0443,POSTURA CHIUSA,MOLTO FELICE
19:01:09,07,86.29,0.0309,0.0213,0.0228,0.5778,0.0645,0.0443,POSTURA CHIUSA,MOLTO FELICE
19:01:10,07,67.03,0.0163,0.0162,0.018,0.5787,0.0549,0.0286,POSTURA NEUTRA,MOLTO FELICE
19:01:10,07,55.83,0.0082,0.0176,0.0165,0.5596,0.0358,0.0154,POSTURA NEUTRA,FELICE
19:01:11,07,39.01,0.0147,0.0217,0.0205,0.5632,0.0312,0.0123,POSTURA NEUTRA,NEUTRO
19:01:11,07,32.51,0.0166,0.023,0.0221,0.5648,0.0279,0.0101,POSTURA NEUTRA,NEUTRO
19:01:12,07,29.89,0.0183,0.023,0.0219,0.5648,0.0288,0.0083,POSTURA NEUTRA,ARRABBIATO
19:01:13,07,27.14,0.0192,0.0232,0.0215,0.5659,0.0314,0.0113,POSTURA NEUTRA,ARRABBIATO
19:01:13,07,20.54,0.0298,0.0224,0.0208,0.569,0.0319,0.0121,POSTURA NEUTRA,ARRABBIATO
19:01:14,07,18.01,0.031,0.0215,0.0205,0.5693,0.0332,0.0127,POSTURA NEUTRA,ARRABBIATO
19:01:14,07,15.82,0.0284,0.0218,0.021,0.5678,0.0346,0.0135,POSTURA NEUTRA,ARRABBIATO
19:01:15,07,15.56,0.0265,0.0201,0.0182,0.5655,0.0358,0.0149,POSTURA NEUTRA,ARRABBIATO
19:01:15,07,25.35,0.017,0.018,0.0156,0.5161,0.0571,0.0416,POSTURA CHIUSA,ARRABBIATO
19:01:16,07,39.58,0.0082,0.0156,0.0136,0.5058,0.0445,0.0301,POSTURA NEUTRA,ARRABBIATO
19:01:17,07,48.64,0.0042,0.0133,0.0139,0.4701,0.0507,0.0281,POSTURA NEUTRA,NEUTRO
19:01:17,07,54.76,0.0028,0.0154,0.0138,0.4655,0.0519,0.0236,POSTURA NEUTRA,NEUTRO
19:01:18,07,55.77,0.0017,0.0177,0.018,0.4769,0.0563,0.0367,POSTURA CHIUSA,NEUTRO
19:01:18,07,53.52,0.0013,0.017,0.0159,0.4841,0.0632,0.0447,POSTURA CHIUSA,TESO
19:01:19,07,51.26,0.0009,0.0174,0.0173,0.4841,0.067,0.0499,POSTURA CHIUSA,TESO
19:01:20,07,51.01,0.0006,0.0201,0.0199,0.481,0.0689,0.0535,POSTURA CHIUSA,TESO
19:01:20,07,50.21,0.0008,0.021,0.0212,0.4785,0.069,0.0551,POSTURA CHIUSA,TESO
19:01:21,07,45.29,0.0013,0.0186,0.0183,0.4787,0.0686,0.0572,POSTURA CHIUSA,TESO
19:01:21,07,43.03,0.0015,0.0178,0.0174,0.48,0.069,0.0569,POSTURA CHIUSA,TESO
19:01:22,07,43.09,0.0019,0.0176,0.0172,0.4784,0.0696,0.0569,POSTURA CHIUSA,TESO
19:01:23,07,39.76,0.002,0.0176,0.018,0.477,0.0673,0.0564,POSTURA CHIUSA,TESO
19:01:23,07,39.35,0.001,0.0176,0.0177,0.476,0.0739,0.0575,POSTURA CHIUSA,TESO
19:01:24,07,38.37,0.0006,0.0195,0.0191,0.4804,0.0971,0.064,POSTURA CHIUSA,TESO
19:01:24,07,50.35,0.0152,0.0178,0.0174,0.4706,0.0994,0.0622,POSTURA CHIUSA,TESO
19:01:25,07,55.91,0.0205,0.0169,0.0167,0.466,0.0981,0.0635,POSTURA CHIUSA,TESO
19:01:25,07,47.29,0.0124,0.0166,0.0167,0.4649,0.0957,0.064,POSTURA CHIUSA,TESO
19:01:26,07,35.78,0.0043,0.0168,0.0161,0.469,0.0921,0.0604,POSTURA CHIUSA,TESO
19:01:27,07,11.76,0.0581,0.0189,0.0174,0.473,0.0952,0.0594,POSTURA CHIUSA,ARRABBIATO
19:01:27,07,3.85,0.08,0.0193,0.0167,0.4733,0.106,0.0629,POSTURA CHIUSA,SORPRESO
19:01:28,07,1.26,0.0875,0.0211,0.0192,0.4707,0.1149,0.0656,POSTURA CHIUSA,SORPRESO
19:01:28,07,0.41,0.0893,0.0216,0.019,0.4715,0.1232,0.0685,POSTURA CHIUSA,SORPRESO
19:01:29,07,0.14,0.0877,0.0213,0.0184,0.4701,0.127,0.072,POSTURA CHIUSA,SORPRESO
19:01:30,07,0.04,0.0864,0.0203,0.0171,0.4732,0.1359,0.0733,POSTURA CHIUSA,SORPRESO
19:01:30,07,7.89,0.0667,0.0196,0.0169,0.4752,0.1459,0.0776,POSTURA CHIUSA,SORPRESO
19:01:31,07,35.53,0.0222,0.019,0.0163,0.4846,0.1312,0.0698,POSTURA CHIUSA,SORPRESO
19:01:31,07,45.87,0.0077,0.0201,0.0195,0.4888,0.1048,0.0609,POSTURA CHIUSA,TESO
19:01:32,07,50.15,0.0031,0.0208,0.0205,0.4888,0.095,0.0592,POSTURA CHIUSA,TESO
19:01:33,07,51.91,0.0016,0.0212,0.0211,0.486,0.093,0.0573,POSTURA CHIUSA,TESO
19:01:33,07,51.66,0.0012,0.0214,0.0214,0.4821,0.0926,0.0536,POSTURA CHIUSA,TESO
19:01:34,07,52.2,0.001,0.0217,0.0216,0.4802,0.0926,0.0537,POSTURA CHIUSA,TESO
19:01:34,07,52.37,0.0009,0.0218,0.0216,0.4785,0.0917,0.0536,POSTURA CHIUSA,TESO
19:01:35,07,52.13,0.0009,0.0219,0.0217,0.477,0.0879,0.0523,POSTURA CHIUSA,TESO
19:01:36,07,49.65,0.0049,0.022,0.0219,0.4769,0.0858,0.052,POSTURA CHIUSA,TESO
19:01:36,07,47.06,0.0064,0.0218,0.0218,0.4777,0.0878,0.0526,POSTURA CHIUSA,TESO
19:01:37,07,45.73,0.0068,0.0217,0.0218,0.4774,0.0901,0.0528,POSTURA CHIUSA,TESO
19:01:37,07,44.62,0.0073,0.0217,0.022,0.4779,0.0913,0.0532,POSTURA CHIUSA,TESO
19:01:38,07,44.3,0.0073,0.0205,0.0209,0.4776,0.0928,0.0544,POSTURA CHIUSA,TESO
19:01:39,07,44.4,0.007,0.0213,0.0214,0.4761,0.0951,0.0565,POSTURA CHIUSA,TESO
19:01:39,07,44.31,0.007,0.0221,0.0222,0.4741,0.0967,0.0576,POSTURA CHIUSA,TESO
19:01:40,07,46.45,0.0052,0.0223,0.0224,0.4741,0.0949,0.056,POSTURA CHIUSA,TESO
19:01:40,07,49.25,0.0022,0.0223,0.0223,0.4746,0.093,0.055,POSTURA CHIUSA,TESO
19:01:41,07,50.27,0.0013,0.0225,0.0224,0.4768,0.0875,0.0518,POSTURA CHIUSA,TESO
19:01:42,07,50.61,0.001,0.0227,0.0226,0.4754,0.0871,0.0516,POSTURA CHIUSA,TESO
19:01:42,07,50.69,0.001,0.0228,0.0226,0.4755,0.0855,0.051,POSTURA CHIUSA,TESO
19:01:43,07,50.76,0.0009,0.023,0.0229,0.4763,0.0868,0.0513,POSTURA CHIUSA,TESO
19:01:43,07,50.45,0.0035,0.0229,0.0228,0.4772,0.0854,0.0502,POSTURA CHIUSA,TESO
19:01:44,07,51.63,0.0088,0.0216,0.0216,0.4701,0.0579,0.0343,POSTURA NEUTRA,TESO
19:01:45,07,55.62,0.0043,0.0227,0.0238,0.4693,0.0264,0.0158,POSTURA NEUTRA,NEUTRO
19:01:45,07,55.93,0.0023,0.0234,0.0254,0.4734,0.0118,0.0206,POSTURA APERTA,NEUTRO
19:01:46,07,70.56,0.002,0.0266,0.0269,0.5034,0.0075,0.0119,POSTURA APERTA,SERENO
19:01:46,07,84.33,0.001,0.0292,0.0296,0.5327,0.0086,0.0058,POSTURA APERTA,FELICE
19:01:47,07,93.88,0.0005,0.0309,0.0309,0.5602,0.0101,0.0141,POSTURA APERTA,MOLTO FELICE
19:01:47,07,96.55,0.0004,0.0315,0.0308,0.5688,0.0108,0.0168,POSTURA APERTA,MOLTO FELICE
19:01:48,07,96.19,0.0004,0.0315,0.0301,0.5703,0.0135,0.0211,POSTURA APERTA,MOLTO FELICE
19:01:49,07,95.62,0.0002,0.0317,0.0304,0.5689,0.0128,0.0209,POSTURA APERTA,MOLTO FELICE
19:01:49,07,87.2,0.0004,0.0295,0.028,0.5685,0.0136,0.0217,POSTURA APERTA,MOLTO FELICE
19:01:50,07,72.96,0.001,0.0267,0.0258,0.5637,0.0089,0.0221,POSTURA APERTA,MOLTO FELICE
19:01:50,07,69.5,0.0006,0.0285,0.0274,0.5628,0.0125,0.0254,POSTURA APERTA,FELICE
19:01:51,07,70.77,0.0003,0.0297,0.0281,0.5663,0.0156,0.0279,POSTURA APERTA,FELICE
19:01:52,07,71.7,0.0004,0.0307,0.0285,0.5659,0.0196,0.0279,POSTURA APERTA,FELICE
19:01:52,07,71.26,0.0003,0.0309,0.0288,0.5672,0.017,0.0304,POSTURA NEUTRA,FELICE
19:01:53,07,68.25,0.0006,0.0301,0.0284,0.5699,0.0216,0.0327,POSTURA NEUTRA,FELICE
19:01:53,07,68.29,0.0005,0.0302,0.0286,0.5654,0.024,0.0328,POSTURA NEUTRA,FELICE
19:01:54,07,67.69,0.0005,0.0297,0.0281,0.5643,0.0259,0.0303,POSTURA NEUTRA,FELICE
19:01:55,07,67.33,0.0007,0.0296,0.0282,0.5666,0.0229,0.0291,POSTURA APERTA,FELICE
19:01:55,07,67.19,0.001,0.0329,0.0308,0.5641,0.0211,0.0282,POSTURA APERTA,FELICE
19:01:56,07,60.5,0.0021,0.0224,0.022,0.5259,0.0164,0.0146,POSTURA APERTA,FELICE
19:01:56,07,61.59,0.002,0.0184,0.0188,0.4518,0.0431,0.0416,POSTURA CHIUSA,FELICE
19:01:57,07,61.81,0.0014,0.017,0.0168,0.4259,0.0424,0.0429,POSTURA CHIUSA,TESO
19:02:05,07,63.35,0.0017,0.0158,0.0166,0.0,0.0,0.0,POSTURA CHIUSA,TESO
19:02:06,07,66.98,0.003,0.0122,0.0137,0.0,0.0,0.0,POSTURA CHIUSA,FELICE
19:02:06,07,68.19,0.0034,0.0114,0.0132,0.2735,0.1008,0.1034,POSTURA CHIUSA,FELICE
19:02:08,07,66.35,0.0042,0.0139,0.0129,0.2153,0.1677,0.2872,POSTURA CHIUSA,FELICE
19:02:09,07,68.24,0.0025,0.0128,0.0092,0.2276,0.2129,0.4815,POSTURA CHIUSA,TESO
19:02:09,07,71.49,0.0019,0.0138,0.0086,0.3567,0.2004,0.3277,POSTURA CHIUSA,TESO
19:02:10,07,84.36,0.0031,0.0124,0.0079,0.4056,0.1457,0.1533,POSTURA CHIUSA,TESO
19:02:10,07,88.21,0.0021,0.0123,0.0082,0.4305,0.1339,0.0928,POSTURA CHIUSA,MOLTO FELICE
19:02:11,07,87.96,0.0018,0.0111,0.0073,0.4441,0.1259,0.0719,POSTURA CHIUSA,MOLTO FELICE
19:02:12,07,86.44,0.0016,0.0115,0.0091,0.4452,0.1197,0.0678,POSTURA CHIUSA,MOLTO FELICE
19:02:12,07,84.13,0.0013,0.0116,0.01,0.4493,0.1144,0.0685,POSTURA CHIUSA,MOLTO FELICE
19:02:13,07,83.7,0.0012,0.0113,0.0104,0.4516,0.1109,0.0664,POSTURA CHIUSA,MOLTO FELICE
19:02:13,07,85.96,0.0015,0.0118,0.0104,0.4524,0.1068,0.0633,POSTURA CHIUSA,MOLTO FELICE
19:02:14,07,86.86,0.0013,0.0116,0.0101,0.4515,0.1041,0.0606,POSTURA CHIUSA,MOLTO FELICE
19:02:14,07,87.77,0.0014,0.0112,0.0102,0.4511,0.1052,0.0606,POSTURA CHIUSA,MOLTO FELICE
19:02:15,07,86.81,0.0014,0.0114,0.01,0.4434,0.1092,0.0626,POSTURA CHIUSA,MOLTO FELICE
19:02:16,07,85.8,0.0014,0.0113,0.0099,0.4392,0.1099,0.0607,POSTURA CHIUSA,MOLTO FELICE
19:02:16,07,85.24,0.001,0.0114,0.01,0.4435,0.1065,0.0576,POSTURA CHIUSA,MOLTO FELICE
19:02:17,07,82.79,0.001,0.0103,0.0105,0.441,0.1072,0.0613,POSTURA CHIUSA,MOLTO FELICE
19:02:17,07,85.0,0.0008,0.0106,0.0099,0.4387,0.1098,0.0617,POSTURA CHIUSA,MOLTO FELICE
19:02:18,07,85.68,0.0012,0.0111,0.0094,0.439,0.1101,0.064,POSTURA CHIUSA,MOLTO FELICE
19:02:19,07,81.59,0.0022,0.0129,0.0083,0.4308,0.0996,0.0596,POSTURA CHIUSA,MOLTO FELICE
19:02:19,07,75.63,0.0012,0.0127,0.0082,0.4029,0.0741,0.0296,POSTURA NEUTRA,MOLTO FELICE
19:02:20,07,74.43,0.001,0.0115,0.0098,0.4168,0.0743,0.0251,POSTURA NEUTRA,FELICE
19:02:20,07,74.8,0.0005,0.0103,0.0115,0.4288,0.0726,0.0217,POSTURA NEUTRA,FELICE
19:02:21,07,74.88,0.0002,0.0096,0.0104,0.4317,0.0683,0.0254,POSTURA NEUTRA,FELICE
19:02:22,07,84.15,0.001,0.011,0.011,0.4438,0.06,0.0202,POSTURA NEUTRA,FELICE
19:02:22,07,82.34,0.001,0.0196,0.0182,0.4773,0.0706,0.0209,POSTURA NEUTRA,MOLTO FELICE
19:02:23,07,63.44,0.0018,0.0139,0.0137,0.4829,0.0638,0.0243,POSTURA NEUTRA,MOLTO FELICE
19:02:23,07,53.08,0.0017,0.0148,0.0145,0.4628,0.0579,0.0226,POSTURA NEUTRA,FELICE
19:02:24,07,50.04,0.0017,0.0155,0.0157,0.4587,0.0547,0.0251,POSTURA NEUTRA,NEUTRO
19:02:25,07,50.55,0.0012,0.0162,0.0165,0.462,0.056,0.0291,POSTURA NEUTRA,NEUTRO
19:02:25,07,50.09,0.0023,0.0177,0.0183,0.468,0.0546,0.0323,POSTURA NEUTRA,NEUTRO
19:02:26,07,37.98,0.01,0.0171,0.0173,0.4719,0.0488,0.0313,POSTURA NEUTRA,NEUTRO
19:02:26,07,44.01,0.0045,0.0152,0.0156,0.4613,0.0542,0.0389,POSTURA CHIUSA,NEUTRO
19:02:27,07,50.32,0.0029,0.0144,0.0139,0.4516,0.0686,0.0389,POSTURA CHIUSA,TESO
19:02:28,07,57.84,0.0014,0.0164,0.0163,0.4418,0.075,0.0369,POSTURA CHIUSA,TESO
19:02:28,07,84.17,0.0009,0.017,0.0176,0.4402,0.0768,0.0361,POSTURA CHIUSA,TESO
19:02:29,07,94.81,0.0009,0.017,0.0175,0.4392,0.0798,0.0403,POSTURA CHIUSA,MOLTO FELICE
19:02:29,07,89.51,0.0121,0.0184,0.0189,0.4356,0.0805,0.0403,POSTURA CHIUSA,MOLTO FELICE
19:02:30,07,78.88,0.0197,0.0204,0.0205,0.4348,0.0807,0.0432,POSTURA CHIUSA,MOLTO FELICE
19:02:31,07,70.05,0.0212,0.0205,0.021,0.4343,0.0802,0.0429,POSTURA CHIUSA,MOLTO FELICE
19:02:31,07,49.0,0.0082,0.0175,0.018,0.4333,0.0786,0.0424,POSTURA CHIUSA,TESO
19:02:32,07,41.57,0.0039,0.0185,0.0189,0.434,0.079,0.0428,POSTURA CHIUSA,TESO
19:02:32,07,37.35,0.0023,0.0196,0.0204,0.4328,0.0779,0.0399,POSTURA CHIUSA,TESO
19:02:33,07,36.99,0.0016,0.0187,0.0196,0.4321,0.0789,0.0418,POSTURA CHIUSA,ARRABBIATO
19:02:33,07,37.07,0.0016,0.0184,0.0193,0.4313,0.0827,0.0441,POSTURA CHIUSA,ARRABBIATO
19:02:34,07,36.02,0.0014,0.0162,0.0172,0.4298,0.0827,0.0441,POSTURA CHIUSA,ARRABBIATO
19:02:35,07,57.5,0.0008,0.0165,0.0162,0.4465,0.0806,0.0446,POSTURA CHIUSA,ARRABBIATO
19:02:35,07,86.07,0.0009,0.0109,0.0105,0.4541,0.062,0.0332,POSTURA NEUTRA,TESO
19:02:36,07,95.44,0.0005,0.0086,0.0094,0.4547,0.0536,0.0268,POSTURA NEUTRA,MOLTO FELICE
19:02:36,07,98.5,0.0003,0.0084,0.0091,0.4561,0.0522,0.0278,POSTURA NEUTRA,MOLTO FELICE
19:02:37,07,99.51,0.0009,0.0072,0.008,0.456,0.052,0.0294,POSTURA NEUTRA,MOLTO FELICE
19:02:38,07,99.84,0.0015,0.0071,0.0079,0.4574,0.0538,0.0308,POSTURA NEUTRA,MOLTO FELICE
19:02:38,07,99.95,0.0013,0.0069,0.0076,0.457,0.0543,0.032,POSTURA NEUTRA,MOLTO FELICE
19:02:39,07,99.98,0.001,0.0071,0.0076,0.4573,0.0511,0.0313,POSTURA NEUTRA,MOLTO FELICE
19:02:39,07,99.99,0.0011,0.0076,0.008,0.4542,0.0522,0.0301,POSTURA NEUTRA,MOLTO FELICE
19:02:40,07,100.0,0.0012,0.0073,0.0079,0.4535,0.0505,0.0313,POSTURA NEUTRA,MOLTO FELICE
19:02:41,07,100.0,0.0011,0.0059,0.0073,0.4547,0.0536,0.0318,POSTURA NEUTRA,MOLTO FELICE
19:02:41,07,100.0,0.0014,0.0049,0.0067,0.4566,0.0548,0.0323,POSTURA NEUTRA,MOLTO FELICE
19:02:42,07,100.0,0.001,0.0056,0.0069,0.4561,0.0527,0.0338,POSTURA NEUTRA,MOLTO FELICE
19:02:42,07,100.0,0.0009,0.0056,0.0072,0.4579,0.0512,0.0327,POSTURA NEUTRA,MOLTO FELICE
19:02:43,07,100.0,0.0008,0.0055,0.007,0.457,0.0508,0.0334,POSTURA NEUTRA,MOLTO FELICE
19:02:44,07,100.0,0.001,0.0055,0.0063,0.4588,0.0485,0.0317,POSTURA NEUTRA,MOLTO FELICE
19:02:44,07,100.0,0.0012,0.0046,0.0054,0.4623,0.0486,0.0321,POSTURA NEUTRA,MOLTO FELICE
19:02:45,07,100.0,0.0008,0.0041,0.0058,0.4625,0.0479,0.0305,POSTURA NEUTRA,MOLTO FELICE
19:02:45,07,100.0,0.0007,0.0044,0.0062,0.4615,0.0471,0.0315,POSTURA NEUTRA,MOLTO FELICE
19:02:46,07,100.0,0.0004,0.0045,0.0064,0.46,0.0474,0.0321,POSTURA NEUTRA,MOLTO FELICE
19:02:47,07,100.0,0.0003,0.0052,0.0074,0.4592,0.0475,0.0306,POSTURA NEUTRA,MOLTO FELICE
19:02:47,07,100.0,0.0002,0.0042,0.0059,0.4591,0.0483,0.0319,POSTURA NEUTRA,MOLTO FELICE
19:02:48,07,100.0,0.0003,0.0042,0.0054,0.4582,0.0444,0.0267,POSTURA NEUTRA,MOLTO FELICE
19:02:48,07,100.0,0.0004,0.0044,0.0053,0.4582,0.0429,0.028,POSTURA NEUTRA,MOLTO FELICE
19:02:49,07,100.0,0.0004,0.0045,0.0053,0.4604,0.0432,0.0283,POSTURA NEUTRA,MOLTO FELICE
19:02:50,07,100.0,0.0003,0.0047,0.006,0.4589,0.0424,0.0271,POSTURA NEUTRA,MOLTO FELICE
19:02:50,07,100.0,0.0005,0.0043,0.0054,0.46,0.0425,0.0264,POSTURA NEUTRA,MOLTO FELICE
19:02:51,07,100.0,0.0004,0.0052,0.0063,0.4621,0.0421,0.0267,POSTURA NEUTRA,MOLTO FELICE
19:02:51,07,100.0,0.0002,0.005,0.0067,0.4604,0.0425,0.0258,POSTURA NEUTRA,MOLTO FELICE
19:02:52,07,100.0,0.0003,0.0044,0.0053,0.4588,0.045,0.0303,POSTURA NEUTRA,MOLTO FELICE
19:02:52,07,100.0,0.0004,0.0038,0.0044,0.4609,0.0426,0.0318,POSTURA NEUTRA,MOLTO FELICE
19:02:53,07,100.0,0.0003,0.0038,0.0046,0.4596,0.0417,0.0277,POSTURA NEUTRA,MOLTO FELICE
19:02:54,07,100.0,0.0003,0.0041,0.0046,0.4601,0.0423,0.0269,POSTURA NEUTRA,MOLTO FELICE
19:02:54,07,100.0,0.0004,0.0048,0.0053,0.4631,0.0443,0.0277,POSTURA NEUTRA,MOLTO FELICE
19:02:55,07,100.0,0.0002,0.0053,0.0059,0.4603,0.0428,0.0267,POSTURA NEUTRA,MOLTO FELICE
19:02:55,07,100.0,0.0002,0.0055,0.006,0.4596,0.0416,0.0281,POSTURA NEUTRA,MOLTO FELICE
19:02:56,07,100.0,0.0006,0.0057,0.0063,0.46,0.0425,0.0301,POSTURA NEUTRA,MOLTO FELICE
19:02:57,07,100.0,0.0006,0.005,0.0056,0.4597,0.0402,0.0255,POSTURA NEUTRA,MOLTO FELICE
19:02:57,07,100.0,0.0005,0.0054,0.0061,0.4593,0.0392,0.0219,POSTURA NEUTRA,MOLTO FELICE
19:02:58,07,100.0,0.0005,0.0053,0.0055,0.4614,0.0395,0.0226,POSTURA NEUTRA,MOLTO FELICE
19:02:58,07,100.0,0.0005,0.004,0.0043,0.4629,0.0404,0.0251,POSTURA NEUTRA,MOLTO FELICE
19:02:59,07,100.0,0.0007,0.0046,0.0049,0.4625,0.0414,0.0265,POSTURA NEUTRA,MOLTO FELICE
19:03:00,07,100.0,0.001,0.0045,0.005,0.4643,0.0431,0.0285,POSTURA NEUTRA,MOLTO FELICE
19:03:00,07,100.0,0.0012,0.0039,0.0044,0.462,0.0439,0.0246,POSTURA NEUTRA,MOLTO FELICE
19:03:01,07,100.0,0.0007,0.0044,0.0049,0.4606,0.0439,0.0282,POSTURA NEUTRA,MOLTO FELICE
19:03:01,07,100.0,0.0006,0.0035,0.0047,0.4615,0.0409,0.0296,POSTURA NEUTRA,MOLTO FELICE
19:03:02,07,100.0,0.0006,0.0045,0.0051,0.4603,0.0433,0.0301,POSTURA NEUTRA,MOLTO FELICE
19:03:03,07,100.0,0.0007,0.0041,0.0047,0.4617,0.0414,0.0316,POSTURA NEUTRA,MOLTO FELICE
19:03:03,07,100.0,0.0009,0.0033,0.0049,0.4624,0.0419,0.0295,POSTURA NEUTRA,MOLTO FELICE
19:03:04,07,100.0,0.0007,0.0038,0.0051,0.461,0.0415,0.0299,POSTURA NEUTRA,MOLTO FELICE
19:03:04,07,100.0,0.001,0.0033,0.0048,0.4611,0.041,0.0282,POSTURA NEUTRA,MOLTO FELICE
19:03:05,07,100.0,0.0009,0.0034,0.0045,0.4591,0.0413,0.0277,POSTURA NEUTRA,MOLTO FELICE
19:03:06,07,100.0,0.0009,0.0045,0.0052,0.4586,0.0388,0.0276,POSTURA NEUTRA,MOLTO FELICE
19:03:06,07,100.0,0.0015,0.0045,0.0059,0.459,0.0397,0.0272,POSTURA NEUTRA,MOLTO FELICE
19:03:07,07,100.0,0.0015,0.0046,0.0057,0.4608,0.0416,0.0279,POSTURA NEUTRA,MOLTO FELICE
19:03:07,07,100.0,0.001,0.0042,0.005,0.4606,0.0455,0.028,POSTURA NEUTRA,MOLTO FELICE
19:03:08,07,100.0,0.0012,0.0043,0.0055,0.4615,0.0433,0.0261,POSTURA NEUTRA,MOLTO FELICE
19:03:09,07,100.0,0.0012,0.0046,0.0057,0.4615,0.0418,0.027,POSTURA NEUTRA,MOLTO FELICE
19:03:09,07,100.0,0.0011,0.0056,0.006,0.4599,0.0413,0.0278,POSTURA NEUTRA,MOLTO FELICE
19:03:10,07,100.0,0.0012,0.0059,0.0061,0.4592,0.0417,0.0281,POSTURA NEUTRA,MOLTO FELICE
19:03:10,07,100.0,0.0013,0.005,0.0059,0.4574,0.0419,0.0275,POSTURA NEUTRA,MOLTO FELICE
19:03:11,07,100.0,0.0016,0.0049,0.0059,0.4566,0.0427,0.0263,POSTURA NEUTRA,MOLTO FELICE
19:03:12,07,100.0,0.0014,0.0049,0.0059,0.4593,0.0423,0.0263,POSTURA NEUTRA,MOLTO FELICE
19:03:12,07,100.0,0.0011,0.0058,0.0064,0.4597,0.0434,0.0274,POSTURA NEUTRA,MOLTO FELICE
19:03:13,07,100.0,0.0011,0.0061,0.0066,0.4623,0.0453,0.0295,POSTURA NEUTRA,MOLTO FELICE
19:03:13,07,100.0,0.0013,0.0044,0.0049,0.4618,0.0422,0.0285,POSTURA NEUTRA,MOLTO FELICE
19:03:14,07,100.0,0.0018,0.0035,0.0043,0.4598,0.0422,0.0276,POSTURA NEUTRA,MOLTO FELICE
19:03:14,07,100.0,0.0018,0.0048,0.0059,0.4593,0.0423,0.0265,POSTURA NEUTRA,MOLTO FELICE
19:03:15,07,100.0,0.0015,0.0047,0.005,0.4587,0.0425,0.0257,POSTURA NEUTRA,MOLTO FELICE
19:03:16,07,100.0,0.0015,0.0044,0.0048,0.4595,0.042,0.0288,POSTURA NEUTRA,MOLTO FELICE
19:03:16,07,100.0,0.0012,0.0054,0.006,0.4613,0.0435,0.0302,POSTURA NEUTRA,MOLTO FELICE
19:03:17,07,99.81,0.0029,0.0062,0.0062,0.4571,0.0376,0.0243,POSTURA NEUTRA,MOLTO FELICE
19:03:17,07,94.13,0.0071,0.0076,0.0078,0.4433,0.0251,0.0167,POSTURA NEUTRA,MOLTO FELICE
19:03:18,07,98.08,0.0044,0.0071,0.0075,0.4475,0.0286,0.018,POSTURA NEUTRA,MOLTO FELICE
19:03:19,07,99.37,0.0022,0.0037,0.0048,0.4561,0.0388,0.0298,POSTURA NEUTRA,MOLTO FELICE
19:03:19,07,99.52,0.0011,0.0033,0.0048,0.4635,0.0455,0.0331,POSTURA NEUTRA,MOLTO FELICE
19:03:20,07,99.84,0.0009,0.0046,0.0057,0.4673,0.0471,0.0314,POSTURA NEUTRA,MOLTO FELICE
19:03:20,07,99.59,0.0006,0.0084,0.01,0.4797,0.0383,0.0176,POSTURA NEUTRA,MOLTO FELICE
19:03:21,07,99.5,0.0011,0.0069,0.0106,0.4756,0.0268,0.0136,POSTURA NEUTRA,MOLTO FELICE
19:03:22,07,99.84,0.0009,0.0091,0.0103,0.4792,0.0353,0.0241,POSTURA NEUTRA,MOLTO FELICE
19:03:22,07,99.95,0.0008,0.0104,0.0113,0.4844,0.0431,0.0336,POSTURA NEUTRA,MOLTO FELICE
19:03:23,07,86.25,0.0023,0.0124,0.0138,0.4847,0.0526,0.036,POSTURA CHIUSA,MOLTO FELICE
19:03:23,07,62.16,0.0049,0.0164,0.0159,0.4738,0.0744,0.034,POSTURA NEUTRA,MOLTO FELICE
19:03:24,07,45.56,0.0043,0.0176,0.0163,0.5224,0.0932,0.0455,POSTURA CHIUSA,TESO
19:03:25,07,36.99,0.0039,0.0188,0.0175,0.5407,0.1026,0.0531,POSTURA CHIUSA,TESO
19:03:25,07,39.17,0.0042,0.0182,0.0163,0.55,0.1125,0.0529,POSTURA CHIUSA,ARRABBIATO
19:03:26,07,45.22,0.0028,0.0216,0.0193,0.5504,0.0987,0.0341,POSTURA NEUTRA,TESO
19:03:26,07,47.3,0.0024,0.0232,0.0206,0.5459,0.0877,0.0309,POSTURA NEUTRA,NEUTRO
19:03:27,07,47.73,0.0022,0.0238,0.0205,0.5443,0.0859,0.0309,POSTURA NEUTRA,NEUTRO
19:03:28,07,44.54,0.0039,0.021,0.018,0.5374,0.0893,0.0322,POSTURA NEUTRA,NEUTRO
19:03:28,07,36.63,0.0035,0.0194,0.0184,0.5374,0.0945,0.0364,POSTURA CHIUSA,NEUTRO
19:03:29,07,36.98,0.0018,0.0168,0.0193,0.5401,0.0981,0.0401,POSTURA CHIUSA,ARRABBIATO
19:03:29,07,35.54,0.0015,0.0176,0.0206,0.5445,0.0994,0.0443,POSTURA CHIUSA,ARRABBIATO
19:03:30,07,33.8,0.0012,0.0188,0.0222,0.5499,0.0999,0.0458,POSTURA CHIUSA,ARRABBIATO
19:03:31,07,33.05,0.0011,0.0188,0.0206,0.5393,0.0913,0.041,POSTURA CHIUSA,ARRABBIATO
19:03:31,07,38.12,0.0028,0.0176,0.0181,0.5307,0.0792,0.0375,POSTURA CHIUSA,ARRABBIATO
19:03:32,07,47.18,0.004,0.0137,0.0125,0.5401,0.0831,0.0439,POSTURA CHIUSA,TESO
19:03:32,07,50.94,0.006,0.0169,0.0155,0.5496,0.0846,0.0464,POSTURA CHIUSA,TESO
19:03:33,07,56.57,0.0064,0.02,0.0166,0.5455,0.0884,0.0517,POSTURA CHIUSA,TESO
19:03:33,07,55.76,0.0086,0.0201,0.0173,0.535,0.085,0.0476,POSTURA CHIUSA,TESO
19:03:34,07,58.11,0.0087,0.0202,0.017,0.5232,0.0882,0.048,POSTURA CHIUSA,TESO
19:03:35,07,75.22,0.0033,0.0204,0.0154,0.5323,0.094,0.0513,POSTURA CHIUSA,TESO
19:03:35,07,91.88,0.0012,0.023,0.0186,0.5359,0.1057,0.0567,POSTURA CHIUSA,MOLTO FELICE
19:03:36,07,97.34,0.0005,0.0247,0.0212,0.5371,0.1134,0.0617,POSTURA CHIUSA,MOLTO FELICE
19:03:36,07,99.13,0.0002,0.0265,0.0251,0.5352,0.1143,0.0584,POSTURA CHIUSA,MOLTO FELICE
19:03:37,07,99.71,0.0002,0.0273,0.0267,0.537,0.1131,0.0561,POSTURA CHIUSA,MOLTO FELICE
19:03:38,07,99.91,0.0002,0.0274,0.0272,0.5406,0.1112,0.0544,POSTURA CHIUSA,MOLTO FELICE
19:03:38,07,99.97,0.0003,0.0273,0.0272,0.5406,0.1099,0.0553,POSTURA CHIUSA,MOLTO FELICE
19:03:39,07,99.99,0.0002,0.0272,0.027,0.5355,0.1091,0.0564,POSTURA CHIUSA,MOLTO FELICE
19:03:39,07,100.0,0.0002,0.0269,0.0266,0.542,0.1102,0.0597,POSTURA CHIUSA,MOLTO FELICE
19:03:40,07,100.0,0.0004,0.0257,0.0253,0.5432,0.1152,0.0614,POSTURA CHIUSA,MOLTO FELICE
19:03:41,07,100.0,0.0003,0.0254,0.0242,0.5381,0.1175,0.059,POSTURA CHIUSA,MOLTO FELICE
19:03:41,07,100.0,0.0003,0.0255,0.024,0.5366,0.1153,0.0553,POSTURA CHIUSA,MOLTO FELICE
19:03:42,07,100.0,0.0003,0.0256,0.0242,0.5382,0.1143,0.0573,POSTURA CHIUSA,MOLTO FELICE
19:03:42,07,100.0,0.0003,0.0255,0.0241,0.5406,0.1144,0.0594,POSTURA CHIUSA,MOLTO FELICE
19:03:43,07,100.0,0.0003,0.025,0.0238,0.5376,0.1143,0.0589,POSTURA CHIUSA,MOLTO FELICE
19:03:44,07,100.0,0.0003,0.0233,0.0206,0.5376,0.1155,0.055,POSTURA CHIUSA,MOLTO FELICE
19:03:44,07,100.0,0.0002,0.0211,0.0169,0.5366,0.1126,0.0533,POSTURA CHIUSA,MOLTO FELICE
19:03:45,07,100.0,0.0001,0.0216,0.0179,0.5364,0.1083,0.0535,POSTURA CHIUSA,MOLTO FELICE
19:03:45,07,100.0,0.0001,0.0232,0.0209,0.5409,0.1069,0.0512,POSTURA CHIUSA,MOLTO FELICE
19:03:46,07,100.0,0.0003,0.0263,0.0259,0.5417,0.1095,0.0566,POSTURA CHIUSA,MOLTO FELICE
19:03:47,07,86.77,0.0009,0.0189,0.0181,0.5371,0.1061,0.0521,POSTURA CHIUSA,MOLTO FELICE
19:03:47,07,79.69,0.0009,0.0237,0.0215,0.5315,0.0984,0.0419,POSTURA CHIUSA,MOLTO FELICE
19:03:48,07,74.38,0.0009,0.0168,0.0141,0.5276,0.1015,0.0427,POSTURA CHIUSA,MOLTO FELICE
19:03:48,07,73.09,0.0009,0.0177,0.0154,0.5279,0.0994,0.0455,POSTURA CHIUSA,TESO
19:03:49,07,74.21,0.0009,0.0202,0.0175,0.5274,0.0954,0.0388,POSTURA CHIUSA,TESO
19:03:50,07,58.44,0.0017,0.0188,0.0173,0.5357,0.088,0.0379,POSTURA CHIUSA,TESO
19:03:50,07,50.76,0.0021,0.0192,0.018,0.5452,0.0764,0.0355,POSTURA CHIUSA,TESO
19:03:51,07,45.37,0.0035,0.0178,0.0171,0.5505,0.0688,0.0354,POSTURA CHIUSA,TESO
19:03:51,07,46.76,0.0023,0.0204,0.0199,0.5546,0.0672,0.0369,POSTURA CHIUSA,TESO
19:03:52,07,46.4,0.0019,0.0188,0.0182,0.553,0.0691,0.0404,POSTURA CHIUSA,TESO
19:03:52,07,46.96,0.0017,0.0196,0.019,0.5436,0.0679,0.0386,POSTURA CHIUSA,TESO
19:03:53,07,47.32,0.0015,0.0197,0.0194,0.5418,0.0654,0.041,POSTURA CHIUSA,TESO
19:03:54,07,46.87,0.0015,0.0202,0.0205,0.5444,0.0653,0.0426,POSTURA CHIUSA,TESO
19:03:54,07,46.35,0.0021,0.0202,0.0206,0.5536,0.0663,0.0396,POSTURA CHIUSA,TESO
19:03:55,07,47.82,0.0015,0.0204,0.0211,0.5588,0.0663,0.0396,POSTURA CHIUSA,TESO
19:03:55,07,48.45,0.0017,0.0196,0.0208,0.5623,0.0651,0.0396,POSTURA CHIUSA,TESO
19:03:56,07,48.48,0.0016,0.0196,0.021,0.564,0.0635,0.0391,POSTURA CHIUSA,TESO
19:03:57,07,48.15,0.0016,0.0182,0.0202,0.5648,0.0617,0.0377,POSTURA CHIUSA,TESO
19:03:57,07,48.6,0.0013,0.0179,0.0202,0.5644,0.0631,0.0389,POSTURA CHIUSA,TESO
19:03:58,07,49.04,0.0014,0.0188,0.0207,0.5621,0.0658,0.0412,POSTURA CHIUSA,TESO
19:03:58,07,49.61,0.0019,0.0203,0.0216,0.5602,0.0693,0.0409,POSTURA CHIUSA,TESO
19:03:59,07,50.12,0.0019,0.0203,0.0218,0.5598,0.0704,0.0407,POSTURA CHIUSA,TESO
19:04:00,07,49.68,0.0019,0.0206,0.0221,0.559,0.0721,0.0422,POSTURA CHIUSA,TESO
19:04:00,07,49.69,0.0018,0.0202,0.0219,0.5617,0.0711,0.0446,POSTURA CHIUSA,TESO
19:04:01,07,49.51,0.0019,0.0204,0.022,0.5601,0.073,0.0459,POSTURA CHIUSA,TESO
19:04:01,07,48.98,0.0021,0.0209,0.0225,0.5622,0.0715,0.045,POSTURA CHIUSA,TESO
19:04:02,07,48.6,0.0024,0.0206,0.0221,0.5575,0.071,0.0386,POSTURA CHIUSA,TESO
19:04:03,07,47.64,0.0026,0.0204,0.022,0.5553,0.072,0.0403,POSTURA CHIUSA,TESO
19:04:03,07,47.45,0.0022,0.0199,0.0219,0.5533,0.0742,0.043,POSTURA CHIUSA,TESO
19:04:04,07,47.69,0.0022,0.0198,0.0221,0.5499,0.0773,0.0443,POSTURA CHIUSA,TESO
19:04:04,07,47.5,0.0026,0.0199,0.022,0.5523,0.077,0.0421,POSTURA CHIUSA,TESO
19:04:05,07,47.55,0.0024,0.0211,0.0226,0.5421,0.0791,0.041,POSTURA CHIUSA,TESO
19:04:06,07,47.21,0.0027,0.0219,0.0231,0.5416,0.0699,0.0415,POSTURA CHIUSA,TESO
19:04:06,07,47.22,0.0025,0.0218,0.023,0.5363,0.0769,0.0462,POSTURA CHIUSA,TESO
19:04:07,07,47.59,0.0022,0.018,0.0205,0.534,0.0818,0.0431,POSTURA CHIUSA,TESO
19:04:07,07,47.52,0.0025,0.0192,0.0213,0.5427,0.083,0.0408,POSTURA CHIUSA,TESO
19:04:08,07,47.6,0.003,0.0218,0.0233,0.5421,0.087,0.0407,POSTURA CHIUSA,TESO
19:04:09,07,35.13,0.0126,0.022,0.0237,0.5412,0.0885,0.0402,POSTURA CHIUSA,TESO
19:04:09,07,32.02,0.0144,0.0219,0.0239,0.5396,0.0881,0.0451,POSTURA CHIUSA,ARRABBIATO
19:04:10,07,44.9,0.0144,0.0205,0.0232,0.5444,0.0879,0.0479,POSTURA CHIUSA,ARRABBIATO
19:04:10,07,41.05,0.0257,0.0132,0.0132,0.5514,0.0782,0.0489,POSTURA CHIUSA,TESO
19:04:11,07,65.82,0.0089,0.011,0.0092,0.5018,0.0849,0.049,POSTURA CHIUSA,TESO
19:04:12,07,62.86,0.0033,0.0182,0.0171,0.5013,0.095,0.0584,POSTURA CHIUSA,TESO
19:04:12,07,62.48,0.0017,0.0202,0.0181,0.5077,0.0962,0.0583,POSTURA CHIUSA,TESO
19:04:13,07,59.6,0.0007,0.0201,0.0166,0.506,0.0935,0.0573,POSTURA CHIUSA,TESO
19:04:13,07,64.36,0.001,0.0146,0.0138,0.506,0.0915,0.0533,POSTURA CHIUSA,TESO
19:04:14,07,81.0,0.002,0.0097,0.0101,0.5051,0.0809,0.0463,POSTURA CHIUSA,TESO
19:04:14,07,86.54,0.0017,0.0093,0.009,0.5027,0.0757,0.0451,POSTURA CHIUSA,MOLTO FELICE
19:04:15,07,87.29,0.0014,0.0112,0.0095,0.5012,0.0743,0.0445,POSTURA CHIUSA,MOLTO FELICE
19:04:16,07,86.2,0.001,0.0089,0.0086,0.5004,0.0708,0.0449,POSTURA CHIUSA,MOLTO FELICE
19:04:16,07,86.22,0.0011,0.0086,0.0089,0.501,0.0683,0.0442,POSTURA CHIUSA,MOLTO FELICE
19:04:17,07,84.96,0.001,0.0096,0.0091,0.5008,0.0686,0.0463,POSTURA CHIUSA,MOLTO FELICE
19:04:17,07,84.19,0.0011,0.0098,0.0088,0.5018,0.0674,0.0448,POSTURA CHIUSA,MOLTO FELICE
19:04:18,07,84.14,0.0012,0.0079,0.008,0.5039,0.0672,0.0445,POSTURA CHIUSA,MOLTO FELICE
19:04:19,07,83.94,0.0014,0.0071,0.0079,0.5013,0.0669,0.0422,POSTURA CHIUSA,MOLTO FELICE
19:04:19,07,84.56,0.0016,0.0077,0.008,0.5029,0.065,0.0397,POSTURA CHIUSA,MOLTO FELICE
19:04:20,07,83.55,0.0015,0.0086,0.0084,0.503,0.0666,0.0409,POSTURA CHIUSA,MOLTO FELICE
19:04:20,07,83.03,0.0012,0.0087,0.008,0.5018,0.0682,0.042,POSTURA CHIUSA,MOLTO FELICE
19:04:21,07,83.04,0.0012,0.009,0.0082,0.5005,0.0631,0.041,POSTURA CHIUSA,MOLTO FELICE
19:04:22,07,82.15,0.0011,0.0098,0.0081,0.5013,0.0612,0.0409,POSTURA CHIUSA,MOLTO FELICE
19:04:22,07,83.81,0.0016,0.0094,0.008,0.4991,0.0629,0.041,POSTURA CHIUSA,MOLTO FELICE
19:04:23,07,82.84,0.0011,0.0105,0.0084,0.4976,0.065,0.0422,POSTURA CHIUSA,MOLTO FELICE
19:04:23,07,82.38,0.0012,0.0091,0.0086,0.4982,0.0656,0.0418,POSTURA CHIUSA,MOLTO FELICE
19:04:24,07,81.76,0.0008,0.009,0.0084,0.4986,0.0637,0.04,POSTURA CHIUSA,MOLTO FELICE
19:04:25,07,81.74,0.0006,0.0087,0.0079,0.5003,0.0629,0.0384,POSTURA CHIUSA,MOLTO FELICE
19:04:25,07,82.75,0.0007,0.0085,0.0078,0.4995,0.0651,0.0423,POSTURA CHIUSA,MOLTO FELICE
19:04:26,07,83.07,0.0009,0.0082,0.008,0.4998,0.0686,0.0443,POSTURA CHIUSA,MOLTO FELICE
19:04:26,07,82.16,0.0007,0.0091,0.0082,0.4987,0.068,0.0442,POSTURA CHIUSA,MOLTO FELICE
19:04:27,07,82.19,0.0009,0.0093,0.0082,0.4999,0.0658,0.0441,POSTURA CHIUSA,MOLTO FELICE
19:04:28,07,81.02,0.0011,0.0085,0.0079,0.4992,0.0651,0.0418,POSTURA CHIUSA,MOLTO FELICE
19:04:28,07,80.11,0.0007,0.008,0.0075,0.4989,0.0657,0.0406,POSTURA CHIUSA,MOLTO FELICE
19:04:29,07,79.48,0.0005,0.0104,0.0084,0.4966,0.0676,0.0434,POSTURA CHIUSA,MOLTO FELICE
19:04:29,07,80.12,0.0007,0.0113,0.0091,0.4976,0.069,0.0429,POSTURA CHIUSA,MOLTO FELICE
19:04:30,07,80.15,0.0006,0.0121,0.0094,0.4979,0.0679,0.041,POSTURA CHIUSA,MOLTO FELICE
19:04:31,07,80.07,0.0004,0.0103,0.0086,0.4982,0.0675,0.0403,POSTURA CHIUSA,MOLTO FELICE
19:04:31,07,80.68,0.0005,0.0107,0.0087,0.4971,0.0651,0.0396,POSTURA CHIUSA,MOLTO FELICE
19:04:32,07,81.11,0.0005,0.0109,0.0086,0.4959,0.0668,0.0416,POSTURA CHIUSA,MOLTO FELICE
19:04:32,07,81.57,0.0005,0.0104,0.0083,0.4977,0.066,0.0417,POSTURA CHIUSA,MOLTO FELICE
19:04:33,07,81.56,0.0005,0.0107,0.0082,0.4991,0.066,0.0404,POSTURA CHIUSA,MOLTO FELICE
19:04:33,07,81.45,0.0004,0.0111,0.0079,0.4977,0.0684,0.0424,POSTURA CHIUSA,MOLTO FELICE
19:04:34,07,83.02,0.0007,0.0106,0.0083,0.498,0.0655,0.0408,POSTURA CHIUSA,MOLTO FELICE
19:04:35,07,83.85,0.0005,0.0121,0.0087,0.4988,0.0653,0.0428,POSTURA CHIUSA,MOLTO FELICE
19:04:35,07,84.62,0.0005,0.0126,0.0092,0.5002,0.0624,0.0428,POSTURA CHIUSA,MOLTO FELICE
19:04:36,07,85.56,0.0004,0.0131,0.0093,0.5004,0.0655,0.0425,POSTURA CHIUSA,MOLTO FELICE
19:04:36,07,85.23,0.0002,0.0132,0.0098,0.4994,0.0661,0.0433,POSTURA CHIUSA,MOLTO FELICE
19:04:37,07,85.87,0.0003,0.0136,0.0099,0.4992,0.0625,0.0426,POSTURA CHIUSA,MOLTO FELICE
19:04:38,07,84.57,0.0002,0.0132,0.0095,0.4991,0.0652,0.0447,POSTURA CHIUSA,MOLTO FELICE
19:04:38,07,84.14,0.0002,0.0137,0.01,0.4984,0.0641,0.0439,POSTURA CHIUSA,MOLTO FELICE
19:04:39,07,83.28,0.0002,0.0152,0.0106,0.4985,0.0652,0.043,POSTURA CHIUSA,MOLTO FELICE
19:04:39,07,81.18,0.0006,0.0173,0.0116,0.4966,0.0681,0.0446,POSTURA CHIUSA,MOLTO FELICE
19:04:40,07,79.53,0.0009,0.0195,0.0137,0.497,0.0679,0.0447,POSTURA CHIUSA,MOLTO FELICE
19:04:41,07,80.24,0.0007,0.0191,0.0132,0.4985,0.0682,0.0462,POSTURA CHIUSA,MOLTO FELICE
19:04:41,07,81.04,0.0008,0.0179,0.0124,0.4994,0.0668,0.0472,POSTURA CHIUSA,MOLTO FELICE
19:04:42,07,79.37,0.002,0.0174,0.0136,0.4611,0.0686,0.0403,POSTURA CHIUSA,MOLTO FELICE
19:04:42,07,81.78,0.002,0.0177,0.0124,0.3974,0.0617,0.0366,POSTURA CHIUSA,MOLTO FELICE
19:04:43,07,78.68,0.0014,0.0179,0.0121,0.3977,0.0741,0.045,POSTURA CHIUSA,MOLTO FELICE
19:04:44,07,78.13,0.0013,0.0166,0.0119,0.4127,0.0863,0.0523,POSTURA CHIUSA,MOLTO FELICE
19:04:44,07,77.81,0.0012,0.0156,0.0121,0.4206,0.0919,0.0547,POSTURA CHIUSA,MOLTO FELICE
19:04:45,07,79.74,0.001,0.0116,0.0095,0.4256,0.0929,0.0549,POSTURA CHIUSA,TESO
19:04:45,07,89.9,0.0011,0.0088,0.0082,0.4439,0.0847,0.0517,POSTURA CHIUSA,MOLTO FELICE
19:04:46,07,94.68,0.0015,0.0076,0.0051,0.4646,0.0798,0.0552,POSTURA CHIUSA,MOLTO FELICE
19:04:47,07,93.55,0.0013,0.0072,0.0037,0.4709,0.0767,0.057,POSTURA CHIUSA,MOLTO FELICE
19:04:47,07,92.32,0.0014,0.0064,0.0038,0.4751,0.0756,0.0559,POSTURA CHIUSA,MOLTO FELICE
19:04:48,07,92.31,0.001,0.0069,0.0041,0.4782,0.0749,0.0557,POSTURA CHIUSA,MOLTO FELICE
19:04:48,07,92.75,0.0006,0.0063,0.0038,0.482,0.0749,0.0538,POSTURA CHIUSA,MOLTO FELICE
19:04:49,07,95.91,0.0003,0.0064,0.0038,0.4786,0.0753,0.0532,POSTURA CHIUSA,MOLTO FELICE
19:04:50,07,92.74,0.001,0.0051,0.0037,0.473,0.0775,0.0534,POSTURA CHIUSA,MOLTO FELICE
19:04:50,07,90.61,0.0008,0.0049,0.0033,0.4724,0.0769,0.055,POSTURA CHIUSA,MOLTO FELICE
19:04:51,07,89.78,0.0009,0.0049,0.0028,0.471,0.0771,0.0554,POSTURA CHIUSA,MOLTO FELICE
19:04:51,07,88.68,0.0011,0.0047,0.0029,0.4697,0.0771,0.0533,POSTURA CHIUSA,MOLTO FELICE
19:04:52,07,88.27,0.0008,0.0047,0.0034,0.4719,0.0762,0.0559,POSTURA CHIUSA,MOLTO FELICE
19:04:52,07,89.48,0.0008,0.005,0.0041,0.4731,0.075,0.0561,POSTURA CHIUSA,MOLTO FELICE
19:04:53,07,89.18,0.0007,0.0054,0.0044,0.4708,0.0778,0.0542,POSTURA CHIUSA,MOLTO FELICE
19:04:54,07,88.03,0.0008,0.0052,0.0043,0.473,0.0762,0.0544,POSTURA CHIUSA,MOLTO FELICE
19:04:54,07,88.12,0.0008,0.0061,0.0045,0.4751,0.0731,0.056,POSTURA CHIUSA,MOLTO FELICE
19:04:55,07,88.16,0.0006,0.0058,0.0043,0.4714,0.0717,0.0548,POSTURA CHIUSA,MOLTO FELICE
19:04:55,07,89.14,0.0004,0.0059,0.0043,0.4724,0.0746,0.0557,POSTURA CHIUSA,MOLTO FELICE
19:04:56,07,88.66,0.0003,0.006,0.0044,0.473,0.0751,0.053,POSTURA CHIUSA,MOLTO FELICE
19:04:57,07,87.71,0.0002,0.006,0.0044,0.4721,0.0729,0.0543,POSTURA CHIUSA,MOLTO FELICE
19:04:57,07,86.35,0.0003,0.0052,0.0043,0.4709,0.0748,0.0557,POSTURA CHIUSA,MOLTO FELICE
19:04:58,07,87.2,0.0003,0.0049,0.0042,0.4689,0.0752,0.054,POSTURA CHIUSA,MOLTO FELICE
19:04:58,07,87.15,0.0004,0.0056,0.0039,0.4702,0.0737,0.053,POSTURA CHIUSA,MOLTO FELICE
19:04:59,07,88.05,0.0003,0.0049,0.0043,0.4737,0.0735,0.0543,POSTURA CHIUSA,MOLTO FELICE
19:05:00,07,87.81,0.0004,0.0049,0.005,0.4739,0.072,0.0541,POSTURA CHIUSA,MOLTO FELICE
19:05:00,07,88.82,0.0004,0.0053,0.0052,0.4735,0.0756,0.054,POSTURA CHIUSA,MOLTO FELICE
19:05:01,07,89.04,0.0003,0.0054,0.0052,0.4745,0.0758,0.0522,POSTURA CHIUSA,MOLTO FELICE
19:05:01,07,89.7,0.0003,0.0064,0.0054,0.4745,0.0749,0.0525,POSTURA CHIUSA,MOLTO FELICE
19:05:02,07,90.14,0.0013,0.0059,0.0051,0.4738,0.0706,0.0545,POSTURA CHIUSA,MOLTO FELICE
19:05:03,07,89.02,0.0011,0.0054,0.0058,0.4737,0.0684,0.0546,POSTURA CHIUSA,MOLTO FELICE
19:05:03,07,86.85,0.0006,0.0057,0.0058,0.4711,0.0725,0.0543,POSTURA CHIUSA,MOLTO FELICE
19:05:04,07,87.47,0.0005,0.006,0.0054,0.4687,0.0781,0.0551,POSTURA CHIUSA,MOLTO FELICE
19:05:04,07,92.69,0.0008,0.0057,0.0051,0.4719,0.0788,0.0584,POSTURA CHIUSA,MOLTO FELICE
19:05:05,07,89.04,0.0006,0.0062,0.0056,0.4714,0.0768,0.0607,POSTURA CHIUSA,MOLTO FELICE
19:05:06,07,87.54,0.0003,0.0067,0.0055,0.4684,0.0757,0.0569,POSTURA CHIUSA,MOLTO FELICE
19:05:06,07,87.68,0.0006,0.0056,0.0061,0.4677,0.0762,0.0547,POSTURA CHIUSA,MOLTO FELICE
19:05:07,07,87.87,0.0006,0.0059,0.0061,0.4698,0.0772,0.0558,POSTURA CHIUSA,MOLTO FELICE
19:05:07,07,88.8,0.0005,0.0056,0.0055,0.472,0.0714,0.0529,POSTURA CHIUSA,MOLTO FELICE
19:05:08,07,88.93,0.0007,0.0066,0.0055,0.4722,0.0693,0.0511,POSTURA CHIUSA,MOLTO FELICE
19:05:09,07,89.01,0.0006,0.0065,0.0055,0.471,0.0747,0.0562,POSTURA CHIUSA,MOLTO FELICE
19:05:09,07,88.63,0.0008,0.0062,0.0054,0.4714,0.0747,0.0571,POSTURA CHIUSA,MOLTO FELICE
19:05:10,07,88.71,0.0008,0.0067,0.0056,0.4703,0.0752,0.0575,POSTURA CHIUSA,MOLTO FELICE
19:05:10,07,88.33,0.0004,0.0059,0.0054,0.4713,0.0754,0.0568,POSTURA CHIUSA,MOLTO FELICE
19:05:11,07,87.59,0.0002,0.0056,0.0054,0.4704,0.0756,0.0547,POSTURA CHIUSA,MOLTO FELICE
19:05:12,07,88.1,0.0007,0.0056,0.0053,0.4743,0.0736,0.0497,POSTURA CHIUSA,MOLTO FELICE
19:05:12,07,87.6,0.0007,0.0056,0.0054,0.4722,0.0734,0.0491,POSTURA CHIUSA,MOLTO FELICE
19:05:13,07,87.19,0.0004,0.0056,0.005,0.4695,0.0735,0.0522,POSTURA CHIUSA,MOLTO FELICE
19:05:13,07,87.18,0.0004,0.0054,0.0047,0.4716,0.0701,0.0511,POSTURA CHIUSA,MOLTO FELICE
19:05:14,07,87.28,0.0004,0.0065,0.0055,0.4723,0.0714,0.055,POSTURA CHIUSA,MOLTO FELICE
19:05:14,07,87.39,0.0004,0.007,0.0052,0.4714,0.0734,0.0524,POSTURA CHIUSA,MOLTO FELICE
19:05:15,07,87.26,0.0007,0.0075,0.0055,0.4724,0.0717,0.0508,POSTURA CHIUSA,MOLTO FELICE
19:05:16,07,87.78,0.0005,0.0085,0.0062,0.4724,0.0756,0.0523,POSTURA CHIUSA,MOLTO FELICE
19:05:16,07,86.98,0.0006,0.0083,0.0059,0.4675,0.0786,0.0516,POSTURA CHIUSA,MOLTO FELICE
19:05:17,07,87.76,0.0007,0.0079,0.0056,0.4671,0.0771,0.0509,POSTURA CHIUSA,MOLTO FELICE
19:05:17,07,87.94,0.0009,0.008,0.0062,0.4691,0.0775,0.0516,POSTURA CHIUSA,MOLTO FELICE
19:05:18,07,87.19,0.0007,0.0076,0.0064,0.4731,0.0754,0.05,POSTURA CHIUSA,MOLTO FELICE
19:05:19,07,83.7,0.0025,0.0074,0.0065,0.4748,0.0804,0.0496,POSTURA CHIUSA,MOLTO FELICE
19:05:19,07,90.82,0.0017,0.0061,0.0066,0.4697,0.0824,0.0537,POSTURA CHIUSA,MOLTO FELICE
19:05:20,07,93.56,0.0012,0.0046,0.0054,0.4689,0.0817,0.0552,POSTURA CHIUSA,MOLTO FELICE
19:05:20,07,93.01,0.0012,0.0063,0.0062,0.4722,0.0804,0.0535,POSTURA CHIUSA,MOLTO FELICE
19:05:21,07,93.98,0.0008,0.0059,0.0052,0.4758,0.084,0.0561,POSTURA CHIUSA,MOLTO FELICE
19:05:22,07,90.85,0.0008,0.0058,0.0043,0.4726,0.0822,0.0555,POSTURA CHIUSA,MOLTO FELICE
19:05:22,07,86.46,0.0014,0.0068,0.0058,0.474,0.078,0.0544,POSTURA CHIUSA,MOLTO FELICE
19:05:23,07,86.73,0.0012,0.0063,0.0065,0.4747,0.0761,0.0503,POSTURA CHIUSA,MOLTO FELICE
19:05:23,07,90.67,0.001,0.004,0.0048,0.4715,0.076,0.05,POSTURA CHIUSA,MOLTO FELICE
19:05:24,07,90.78,0.001,0.0043,0.0047,0.4712,0.0791,0.0514,POSTURA CHIUSA,MOLTO FELICE
19:05:25,07,83.53,0.0027,0.008,0.0066,0.4626,0.0633,0.043,POSTURA CHIUSA,MOLTO FELICE
19:05:25,07,80.83,0.0014,0.0094,0.009,0.4514,0.0394,0.0344,POSTURA NEUTRA,MOLTO FELICE
19:05:26,07,51.81,0.0129,0.0121,0.0121,0.4699,0.0439,0.0303,POSTURA NEUTRA,MOLTO FELICE
19:05:26,07,40.91,0.0175,0.0098,0.009,0.5085,0.0415,0.0193,POSTURA NEUTRA,NEUTRO
19:05:27,07,41.06,0.0205,0.0108,0.0083,0.5457,0.0372,0.0135,POSTURA NEUTRA,NEUTRO
19:05:28,07,32.17,0.0275,0.0143,0.0104,0.5732,0.0208,0.0104,POSTURA APERTA,NEUTRO
19:05:28,07,39.59,0.0239,0.0132,0.007,0.5498,0.024,0.0164,POSTURA APERTA,ARRABBIATO
19:05:29,07,51.71,0.0185,0.0148,0.0106,0.5387,0.0467,0.0255,POSTURA NEUTRA,NEUTRO
19:05:29,07,56.22,0.0237,0.0206,0.0213,0.5417,0.0382,0.0175,POSTURA NEUTRA,NEUTRO
19:05:30,07,59.25,0.0185,0.0173,0.0189,0.5483,0.0179,0.0098,POSTURA APERTA,FELICE
19:05:31,07,42.35,0.0242,0.0184,0.0211,0.549,0.0099,0.0094,POSTURA APERTA,SERENO
19:05:31,07,38.75,0.0253,0.0209,0.0238,0.5487,0.0109,0.0118,POSTURA APERTA,SERENO
19:05:32,07,42.18,0.0226,0.0216,0.0242,0.5481,0.0254,0.0202,POSTURA NEUTRA,SERENO
19:05:32,07,36.36,0.0211,0.0192,0.0215,0.5446,0.0448,0.0289,POSTURA NEUTRA,NEUTRO
19:05:33,07,63.19,0.0131,0.0115,0.0122,0.5425,0.0478,0.031,POSTURA NEUTRA,NEUTRO
19:05:33,07,76.17,0.0083,0.0069,0.0064,0.5429,0.0422,0.0292,POSTURA NEUTRA,FELICE
19:05:34,07,57.14,0.0216,0.0137,0.0146,0.5434,0.0413,0.0303,POSTURA NEUTRA,FELICE
19:05:35,07,61.35,0.017,0.0203,0.0227,0.5416,0.0491,0.0333,POSTURA NEUTRA,FELICE
19:05:35,07,51.68,0.0207,0.0223,0.0259,0.5402,0.0491,0.0318,POSTURA NEUTRA,FELICE
19:05:36,07,42.88,0.0267,0.0203,0.0229,0.5412,0.0438,0.0293,POSTURA NEUTRA,NEUTRO
19:05:36,07,49.75,0.0239,0.0136,0.0137,0.5335,0.0355,0.0236,POSTURA NEUTRA,NEUTRO
19:05:37,07,47.26,0.0197,0.0215,0.0228,0.5263,0.0327,0.0193,POSTURA NEUTRA,NEUTRO
19:05:38,07,42.32,0.0185,0.0238,0.0252,0.531,0.0236,0.0122,POSTURA APERTA,NEUTRO
19:05:38,07,25.99,0.0294,0.0232,0.0245,0.5351,0.0194,0.0111,POSTURA APERTA,NEUTRO
19:05:39,07,34.41,0.0176,0.0158,0.0155,0.5359,0.0183,0.0075,POSTURA APERTA,ARRABBIATO
19:05:39,07,22.17,0.029,0.0159,0.0162,0.532,0.0105,0.0082,POSTURA APERTA,ARRABBIATO
19:05:40,07,17.72,0.0286,0.0126,0.0149,0.5286,0.0101,0.0046,POSTURA APERTA,ARRABBIATO
19:05:41,07,11.17,0.0325,0.0182,0.0178,0.5408,0.0273,0.0091,POSTURA NEUTRA,ARRABBIATO
19:05:41,07,27.76,0.0228,0.0205,0.0194,0.552,0.0384,0.0197,POSTURA NEUTRA,ARRABBIATO
19:05:42,07,37.42,0.0216,0.0165,0.0155,0.5501,0.0433,0.0316,POSTURA NEUTRA,ARRABBIATO
19:05:42,07,31.47,0.0294,0.0217,0.0231,0.5497,0.0437,0.0351,POSTURA CHIUSA,ARRABBIATO
19:05:43,07,45.16,0.0144,0.0255,0.0264,0.5495,0.0401,0.0342,POSTURA NEUTRA,ARRABBIATO
19:05:44,07,35.69,0.0261,0.0279,0.0287,0.5505,0.0385,0.0298,POSTURA NEUTRA,ARRABBIATO
19:05:44,07,56.06,0.0183,0.0195,0.019,0.5505,0.0412,0.029,POSTURA NEUTRA,ARRABBIATO
19:05:45,07,69.9,0.0095,0.0204,0.0219,0.5465,0.0486,0.0301,POSTURA NEUTRA,FELICE
19:05:45,07,54.09,0.0157,0.0127,0.0113,0.5404,0.0625,0.0368,POSTURA CHIUSA,FELICE
19:05:46,07,52.24,0.0203,0.0117,0.0097,0.5421,0.0678,0.0351,POSTURA CHIUSA,TESO
19:05:47,07,75.24,0.0179,0.0106,0.0075,0.539,0.0709,0.0371,POSTURA CHIUSA,TESO
19:05:47,07,87.5,0.0121,0.0104,0.0074,0.5387,0.0752,0.0387,POSTURA CHIUSA,TESO
19:05:48,07,79.19,0.0096,0.0081,0.0058,0.541,0.082,0.0409,POSTURA CHIUSA,MOLTO FELICE
19:05:48,07,58.71,0.0121,0.0097,0.0058,0.5451,0.0727,0.0398,POSTURA CHIUSA,MOLTO FELICE
19:05:49,07,82.81,0.0081,0.0112,0.0072,0.5362,0.0786,0.0453,POSTURA CHIUSA,TESO
19:05:50,07,94.37,0.0038,0.0124,0.0091,0.5318,0.0862,0.0526,POSTURA CHIUSA,MOLTO FELICE
19:05:50,07,97.66,0.0086,0.0128,0.0106,0.5332,0.085,0.0507,POSTURA CHIUSA,MOLTO FELICE
19:05:51,07,99.23,0.0043,0.0137,0.0129,0.5323,0.0905,0.0498,POSTURA CHIUSA,MOLTO FELICE
19:05:51,07,99.75,0.0023,0.0145,0.0131,0.5291,0.09,0.0534,POSTURA CHIUSA,MOLTO FELICE
19:05:52,07,99.92,0.0016,0.0149,0.0125,0.5263,0.0858,0.0493,POSTURA CHIUSA,MOLTO FELICE
19:05:52,07,99.97,0.0011,0.0186,0.0172,0.5251,0.0869,0.0514,POSTURA CHIUSA,MOLTO FELICE
19:05:53,07,99.99,0.001,0.0189,0.0179,0.5292,0.0849,0.0481,POSTURA CHIUSA,MOLTO FELICE
19:05:54,07,100.0,0.0006,0.0169,0.0153,0.5284,0.0853,0.0499,POSTURA CHIUSA,MOLTO FELICE
19:05:54,07,100.0,0.0008,0.015,0.0112,0.5337,0.0795,0.0461,POSTURA CHIUSA,MOLTO FELICE
19:05:55,07,100.0,0.0008,0.0151,0.0117,0.5334,0.0798,0.0477,POSTURA CHIUSA,MOLTO FELICE
19:05:55,07,100.0,0.0009,0.0163,0.014,0.5325,0.0825,0.0465,POSTURA CHIUSA,MOLTO FELICE
19:05:56,07,100.0,0.0008,0.0177,0.0168,0.5312,0.0777,0.042,POSTURA CHIUSA,MOLTO FELICE
19:05:57,07,100.0,0.0004,0.0188,0.0188,0.5314,0.0776,0.0422,POSTURA CHIUSA,MOLTO FELICE
19:05:57,07,100.0,0.0003,0.0196,0.0206,0.5339,0.081,0.0436,POSTURA CHIUSA,MOLTO FELICE
19:05:58,07,100.0,0.0005,0.0193,0.0208,0.5355,0.0806,0.046,POSTURA CHIUSA,MOLTO FELICE
19:05:58,07,100.0,0.0012,0.02,0.0207,0.5353,0.0803,0.0434,POSTURA CHIUSA,MOLTO FELICE
19:05:59,07,100.0,0.0014,0.0201,0.0211,0.5289,0.0815,0.0472,POSTURA CHIUSA,MOLTO FELICE
19:06:00,07,100.0,0.0016,0.0195,0.0219,0.5259,0.0857,0.0496,POSTURA CHIUSA,MOLTO FELICE
19:06:00,07,100.0,0.0012,0.019,0.0216,0.5264,0.0829,0.0489,POSTURA CHIUSA,MOLTO FELICE
19:06:01,07,100.0,0.0009,0.0188,0.0213,0.5292,0.0851,0.0509,POSTURA CHIUSA,MOLTO FELICE
19:06:01,07,100.0,0.0008,0.0189,0.0214,0.5292,0.0862,0.0499,POSTURA CHIUSA,MOLTO FELICE
19:06:02,07,100.0,0.0006,0.0201,0.0221,0.5261,0.0839,0.0464,POSTURA CHIUSA,MOLTO FELICE
19:06:03,07,100.0,0.0004,0.0199,0.0222,0.5247,0.0769,0.0475,POSTURA CHIUSA,MOLTO FELICE
19:06:03,07,80.29,0.0045,0.0178,0.0188,0.5217,0.0512,0.0349,POSTURA NEUTRA,MOLTO FELICE
19:06:04,07,46.82,0.0135,0.0099,0.0083,0.5139,0.0441,0.0327,POSTURA NEUTRA,MOLTO FELICE
19:06:04,07,42.74,0.0108,0.0101,0.0078,0.4864,0.0711,0.0489,POSTURA CHIUSA,TESO
19:06:05,07,44.47,0.0052,0.0113,0.01,0.462,0.1001,0.0678,POSTURA CHIUSA,TESO
19:06:06,07,44.29,0.0032,0.0134,0.0121,0.4542,0.1175,0.076,POSTURA CHIUSA,TESO
19:06:06,07,51.2,0.0021,0.0135,0.0132,0.4468,0.1267,0.078,POSTURA CHIUSA,TESO
19:06:07,07,68.78,0.0011,0.0144,0.0147,0.4401,0.1322,0.0787,POSTURA CHIUSA,TESO
19:06:07,07,76.48,0.012,0.0132,0.0127,0.4453,0.1314,0.0797,POSTURA CHIUSA,TESO
19:06:08,07,66.48,0.0212,0.0141,0.0133,0.4496,0.1361,0.0825,POSTURA CHIUSA,TESO
19:06:09,07,65.72,0.0239,0.0132,0.0127,0.4527,0.1434,0.0825,POSTURA CHIUSA,TESO
19:06:09,07,60.73,0.0238,0.0135,0.0135,0.4585,0.1491,0.0817,POSTURA CHIUSA,TESO
19:06:10,07,58.26,0.0249,0.0129,0.0122,0.4481,0.1664,0.0931,POSTURA CHIUSA,TESO
19:06:10,07,52.14,0.028,0.0121,0.0113,0.4509,0.1781,0.0945,POSTURA CHIUSA,TESO
19:06:11,07,59.87,0.0291,0.0128,0.0125,0.464,0.1585,0.0837,POSTURA CHIUSA,TESO
19:06:12,07,58.05,0.0287,0.0114,0.0126,0.4749,0.1215,0.0698,POSTURA CHIUSA,TESO
19:06:12,07,52.34,0.0279,0.0137,0.0154,0.4904,0.1,0.0635,POSTURA CHIUSA,TESO
19:06:13,07,48.11,0.0219,0.011,0.0142,0.4907,0.1002,0.0615,POSTURA CHIUSA,TESO
19:06:13,07,42.98,0.0078,0.0132,0.0153,0.4921,0.0991,0.0644,POSTURA CHIUSA,TESO
19:06:14,07,34.74,0.0034,0.0138,0.0153,0.4917,0.1036,0.0657,POSTURA CHIUSA,TESO
19:06:14,07,32.23,0.0018,0.0153,0.0159,0.4946,0.1207,0.0718,POSTURA CHIUSA,ARRABBIATO
19:06:15,07,31.2,0.0015,0.0171,0.0178,0.4959,0.1317,0.0768,POSTURA CHIUSA,ARRABBIATO
19:06:16,07,30.86,0.0015,0.0178,0.0184,0.4951,0.137,0.0792,POSTURA CHIUSA,ARRABBIATO
19:06:16,07,30.37,0.0011,0.0166,0.0173,0.4937,0.1381,0.0801,POSTURA CHIUSA,ARRABBIATO
19:06:17,07,30.7,0.0004,0.0153,0.0162,0.4911,0.1393,0.0823,POSTURA CHIUSA,ARRABBIATO
19:06:17,07,30.34,0.0002,0.0154,0.0165,0.4906,0.142,0.0841,POSTURA CHIUSA,ARRABBIATO
19:06:18,07,30.41,0.0002,0.0161,0.0173,0.4906,0.1445,0.0851,POSTURA CHIUSA,ARRABBIATO
19:06:19,07,30.23,0.0003,0.0165,0.0179,0.4927,0.1459,0.086,POSTURA CHIUSA,ARRABBIATO
19:06:19,07,30.43,0.0004,0.0168,0.0177,0.4936,0.15,0.0878,POSTURA CHIUSA,ARRABBIATO
19:06:20,07,39.16,0.0008,0.0146,0.0158,0.5292,0.1214,0.0595,POSTURA CHIUSA,ARRABBIATO
19:06:20,07,44.62,0.0011,0.0204,0.0244,0.5768,0.0624,0.0266,POSTURA NEUTRA,TESO
19:06:21,07,48.65,0.0015,0.031,0.0333,0.6368,0.0689,0.041,POSTURA CHIUSA,TESO
19:06:22,07,50.79,0.0011,0.0359,0.038,0.661,0.0635,0.0515,POSTURA CHIUSA,TESO
19:06:22,07,49.4,0.0009,0.0369,0.0397,0.6816,0.0784,0.0643,POSTURA CHIUSA,TESO
19:06:23,07,49.78,0.001,0.0371,0.04,0.6616,0.0698,0.0607,POSTURA CHIUSA,TESO
19:06:23,07,49.69,0.0008,0.0366,0.0377,0.6717,0.0719,0.0612,POSTURA CHIUSA,TESO
19:06:24,07,49.55,0.0008,0.0361,0.0368,0.6683,0.0601,0.0543,POSTURA CHIUSA,TESO
19:06:25,07,49.34,0.0007,0.0366,0.0372,0.6721,0.0604,0.0547,POSTURA CHIUSA,TESO
19:06:25,07,48.78,0.0008,0.0369,0.0385,0.6781,0.0649,0.0592,POSTURA CHIUSA,TESO
19:06:26,07,49.05,0.0016,0.0342,0.0348,0.6628,0.0532,0.0435,POSTURA CHIUSA,TESO
19:06:26,07,52.83,0.0027,0.0289,0.0311,0.5987,0.052,0.0285,POSTURA NEUTRA,TESO
19:06:27,07,55.92,0.0024,0.0245,0.0285,0.5292,0.0649,0.0313,POSTURA NEUTRA,NEUTRO
19:06:28,07,59.44,0.0016,0.0242,0.0275,0.5207,0.0525,0.0274,POSTURA NEUTRA,NEUTRO
19:06:28,07,75.02,0.0012,0.0245,0.0266,0.5268,0.0506,0.03,POSTURA NEUTRA,FELICE
19:06:29,07,68.32,0.0008,0.0292,0.0294,0.5376,0.0509,0.0328,POSTURA NEUTRA,FELICE
19:06:29,07,68.69,0.0004,0.0285,0.0283,0.5391,0.0444,0.0265,POSTURA NEUTRA,FELICE
19:06:30,07,69.79,0.0003,0.0272,0.0268,0.5399,0.0397,0.0252,POSTURA NEUTRA,FELICE
19:06:30,07,79.03,0.0002,0.0264,0.0261,0.5418,0.0397,0.0234,POSTURA NEUTRA,FELICE
19:06:31,07,88.82,0.0002,0.0257,0.0257,0.5439,0.0388,0.0247,POSTURA NEUTRA,MOLTO FELICE
19:06:32,07,92.17,0.0002,0.0254,0.0252,0.5459,0.0377,0.0265,POSTURA NEUTRA,MOLTO FELICE
19:06:32,07,92.88,0.0003,0.0256,0.0253,0.5459,0.0371,0.0258,POSTURA NEUTRA,MOLTO FELICE
19:06:33,07,93.54,0.0004,0.0251,0.0245,0.5438,0.0385,0.0231,POSTURA NEUTRA,MOLTO FELICE
19:06:33,07,89.22,0.0005,0.0246,0.0233,0.5414,0.0418,0.0222,POSTURA NEUTRA,MOLTO FELICE
19:06:34,07,91.62,0.0005,0.0243,0.0227,0.5439,0.0411,0.0242,POSTURA NEUTRA,MOLTO FELICE
19:06:34,07,78.6,0.0004,0.0248,0.023,0.5438,0.0409,0.024,POSTURA NEUTRA,MOLTO FELICE
19:06:35,07,81.97,0.0003,0.025,0.0228,0.5439,0.0372,0.0201,POSTURA NEUTRA,MOLTO FELICE
19:06:36,07,89.46,0.0003,0.025,0.0228,0.5438,0.0355,0.0203,POSTURA NEUTRA,MOLTO FELICE
19:06:36,07,92.07,0.0003,0.0251,0.0228,0.5468,0.0368,0.0222,POSTURA NEUTRA,MOLTO FELICE
19:06:37,07,93.33,0.0004,0.025,0.0227,0.5446,0.0372,0.0244,POSTURA NEUTRA,MOLTO FELICE
19:06:37,07,93.87,0.0004,0.0243,0.0223,0.5429,0.037,0.0235,POSTURA NEUTRA,MOLTO FELICE
19:06:38,07,93.26,0.0003,0.0239,0.022,0.544,0.0367,0.0224,POSTURA NEUTRA,MOLTO FELICE
19:06:39,07,92.76,0.0003,0.0236,0.022,0.5447,0.0354,0.0217,POSTURA NEUTRA,MOLTO FELICE
19:06:39,07,92.99,0.0003,0.0237,0.0221,0.5433,0.0366,0.0204,POSTURA NEUTRA,MOLTO FELICE
19:06:40,07,92.68,0.0002,0.024,0.0222,0.5427,0.0375,0.0204,POSTURA NEUTRA,MOLTO FELICE
19:06:40,07,92.11,0.0002,0.0245,0.0228,0.5429,0.0369,0.0187,POSTURA NEUTRA,MOLTO FELICE
19:06:41,07,91.84,0.0002,0.0249,0.0227,0.5423,0.0363,0.0186,POSTURA NEUTRA,MOLTO FELICE
19:06:42,07,76.66,0.0011,0.0264,0.0247,0.5351,0.0433,0.0248,POSTURA NEUTRA,MOLTO FELICE
19:06:42,07,72.2,0.0027,0.0172,0.0182,0.5021,0.0585,0.0348,POSTURA NEUTRA,MOLTO FELICE
19:06:43,07,63.44,0.0037,0.0155,0.0172,0.4567,0.052,0.0362,POSTURA CHIUSA,FELICE
19:06:43,07,54.07,0.0076,0.0164,0.0202,0.4562,0.05,0.0335,POSTURA NEUTRA,FELICE
19:06:44,07,62.61,0.0032,0.0181,0.0194,0.4494,0.0785,0.0393,POSTURA CHIUSA,TESO
19:06:45,07,70.42,0.0028,0.0205,0.0212,0.4748,0.0737,0.0429,POSTURA CHIUSA,TESO
19:06:45,07,69.06,0.0028,0.0229,0.0241,0.4967,0.0727,0.0442,POSTURA CHIUSA,TESO
19:06:46,07,61.61,0.0024,0.0167,0.0169,0.4948,0.0758,0.0473,POSTURA CHIUSA,TESO
19:06:46,07,50.07,0.0189,0.0136,0.0127,0.4638,0.1129,0.0727,POSTURA CHIUSA,TESO
19:06:47,07,41.0,0.0282,0.0109,0.0087,0.456,0.1575,0.0974,POSTURA CHIUSA,TESO
19:06:48,07,39.94,0.029,0.0091,0.0075,0.4504,0.1885,0.1158,POSTURA CHIUSA,TESO
19:06:48,07,49.52,0.0277,0.008,0.0076,0.4639,0.1592,0.0918,POSTURA CHIUSA,TESO
19:06:49,07,54.34,0.0217,0.0114,0.0112,0.5272,0.0792,0.0521,POSTURA CHIUSA,TESO
19:06:49,07,58.2,0.0285,0.0093,0.0091,0.5025,0.0505,0.0298,POSTURA NEUTRA,TESO
19:06:50,07,61.07,0.0276,0.0095,0.0084,0.4824,0.0426,0.0232,POSTURA NEUTRA,FELICE
19:06:50,07,55.21,0.0272,0.0091,0.0088,0.4769,0.0284,0.0176,POSTURA NEUTRA,FELICE
19:06:51,07,53.49,0.0283,0.0093,0.0089,0.4749,0.0202,0.0111,POSTURA APERTA,SERENO
19:06:52,07,53.39,0.0305,0.0054,0.0061,0.4737,0.0194,0.0093,POSTURA APERTA,SERENO
19:06:52,07,51.66,0.0306,0.0079,0.0075,0.4719,0.0274,0.0127,POSTURA NEUTRA,SERENO
19:06:53,07,47.18,0.0295,0.0093,0.0085,0.4729,0.0414,0.0253,POSTURA NEUTRA,NEUTRO
19:06:53,07,45.61,0.0249,0.0087,0.009,0.4761,0.0475,0.026,POSTURA NEUTRA,NEUTRO
19:06:54,07,41.03,0.0087,0.0137,0.014,0.4762,0.0498,0.0277,POSTURA NEUTRA,NEUTRO
19:06:55,07,40.43,0.0034,0.0167,0.017,0.4762,0.0551,0.0286,POSTURA NEUTRA,NEUTRO
19:06:55,07,41.51,0.0027,0.0142,0.0153,0.4767,0.0567,0.0352,POSTURA CHIUSA,NEUTRO
19:06:56,07,41.32,0.0026,0.0141,0.0154,0.4745,0.0583,0.0376,POSTURA CHIUSA,TESO
19:06:56,07,41.4,0.0027,0.0161,0.0169,0.4706,0.0553,0.0401,POSTURA CHIUSA,TESO
19:06:57,07,41.46,0.0029,0.0171,0.0176,0.4733,0.0554,0.0391,POSTURA CHIUSA,TESO
19:06:58,07,42.03,0.0033,0.0178,0.0177,0.482,0.0428,0.0333,POSTURA NEUTRA,TESO
19:06:58,07,45.35,0.0024,0.0196,0.0209,0.4874,0.0321,0.0238,POSTURA NEUTRA,NEUTRO
19:06:59,07,45.54,0.0026,0.0202,0.0222,0.4872,0.0246,0.0169,POSTURA APERTA,NEUTRO
19:06:59,07,46.68,0.0024,0.02,0.0222,0.4855,0.023,0.016,POSTURA APERTA,SERENO
19:07:00,07,46.87,0.0019,0.0199,0.0221,0.4869,0.027,0.0184,POSTURA NEUTRA,SERENO
19:07:01,07,46.79,0.0016,0.0199,0.022,0.4886,0.027,0.0167,POSTURA NEUTRA,NEUTRO
19:07:01,07,46.97,0.0016,0.0199,0.0218,0.4899,0.0242,0.0144,POSTURA APERTA,NEUTRO
19:07:02,07,46.27,0.002,0.0199,0.0214,0.4914,0.023,0.0162,POSTURA APERTA,SERENO
19:07:02,07,49.27,0.0016,0.0174,0.0177,0.5001,0.0197,0.0121,POSTURA APERTA,SERENO
19:07:03,07,50.84,0.0013,0.0186,0.0193,0.5116,0.0096,0.0059,POSTURA APERTA,SERENO
19:07:04,07,51.01,0.0017,0.0188,0.0195,0.5169,0.0061,0.0026,POSTURA APERTA,SERENO
19:07:04,07,47.22,0.0028,0.0143,0.0142,0.5129,0.0146,0.0118,POSTURA APERTA,SERENO
19:07:05,07,42.31,0.0024,0.0131,0.0134,0.5043,0.0377,0.0222,POSTURA NEUTRA,SERENO
19:07:05,07,41.59,0.0019,0.0148,0.0146,0.5028,0.0605,0.0392,POSTURA CHIUSA,NEUTRO
19:07:06,07,43.69,0.0015,0.0171,0.0173,0.5013,0.0724,0.0465,POSTURA CHIUSA,TESO
19:07:07,07,43.84,0.002,0.0185,0.0184,0.5033,0.0737,0.0466,POSTURA CHIUSA,TESO
19:07:07,07,43.55,0.0021,0.0191,0.0193,0.5048,0.0749,0.0448,POSTURA CHIUSA,TESO
19:07:08,07,49.39,0.0017,0.0185,0.0182,0.5132,0.0637,0.0305,POSTURA NEUTRA,TESO
19:07:08,07,50.44,0.0013,0.0182,0.0184,0.5089,0.0492,0.0226,POSTURA NEUTRA,NEUTRO
19:07:09,07,47.24,0.0023,0.0153,0.0145,0.5,0.045,0.0279,POSTURA NEUTRA,NEUTRO
19:07:10,07,43.22,0.003,0.015,0.0147,0.4912,0.0554,0.0424,POSTURA CHIUSA,NEUTRO
19:07:10,07,42.16,0.0033,0.0164,0.0163,0.4846,0.066,0.0492,POSTURA CHIUSA,TESO
19:07:11,07,43.87,0.0026,0.0178,0.0179,0.4821,0.0706,0.0497,POSTURA CHIUSA,TESO
19:07:11,07,41.65,0.0013,0.0173,0.017,0.4818,0.0714,0.0493,POSTURA CHIUSA,TESO
19:07:12,07,40.94,0.002,0.0173,0.0167,0.4885,0.0538,0.0394,POSTURA CHIUSA,TESO
19:07:12,07,40.74,0.003,0.0173,0.0167,0.4892,0.0311,0.0293,POSTURA NEUTRA,TESO
19:07:13,07,40.78,0.0035,0.0175,0.017,0.4895,0.0208,0.0229,POSTURA APERTA,NEUTRO
19:07:14,07,40.15,0.0042,0.0174,0.0166,0.4894,0.0195,0.0201,POSTURA APERTA,SERENO
19:07:14,07,41.35,0.0035,0.018,0.0169,0.49,0.0204,0.0204,POSTURA APERTA,SERENO
19:07:15,07,46.42,0.0027,0.0182,0.0167,0.4942,0.0239,0.0165,POSTURA APERTA,SERENO
19:07:16,07,49.31,0.0018,0.0193,0.0173,0.4928,0.0227,0.008,POSTURA APERTA,SERENO
19:07:16,07,48.51,0.0017,0.0188,0.0173,0.4936,0.0195,0.0044,POSTURA APERTA,SERENO
19:07:17,07,47.45,0.0026,0.0141,0.0131,0.4901,0.0194,0.0066,POSTURA APERTA,SERENO
19:07:17,07,30.63,0.0151,0.0109,0.0106,0.4974,0.0185,0.0289,POSTURA APERTA,SERENO
19:07:18,07,30.31,0.0201,0.013,0.0113,0.5068,0.0206,0.0238,POSTURA APERTA,ARRABBIATO
19:07:18,07,46.74,0.0088,0.0079,0.0075,0.515,0.0648,0.0479,POSTURA CHIUSA,ARRABBIATO
19:07:19,07,48.29,0.0033,0.0101,0.0108,0.5114,0.1157,0.0688,POSTURA CHIUSA,TESO
19:07:20,07,42.69,0.0023,0.0144,0.0145,0.5027,0.1328,0.0737,POSTURA CHIUSA,TESO
19:07:20,07,41.68,0.0015,0.0169,0.0167,0.5016,0.1334,0.0727,POSTURA CHIUSA,TESO
19:07:21,07,42.57,0.0018,0.0169,0.0169,0.5039,0.1103,0.0628,POSTURA CHIUSA,TESO
19:07:21,07,43.0,0.0027,0.0169,0.0166,0.5111,0.0523,0.0344,POSTURA NEUTRA,TESO
19:07:22,07,43.47,0.0026,0.0178,0.0178,0.5123,0.0371,0.0274,POSTURA NEUTRA,NEUTRO
19:07:23,07,45.02,0.002,0.0181,0.0187,0.5129,0.0341,0.0241,POSTURA NEUTRA,NEUTRO
19:07:23,07,45.67,0.0028,0.0182,0.018,0.5127,0.0368,0.0253,POSTURA NEUTRA,NEUTRO
19:07:24,07,46.16,0.0027,0.0188,0.0186,0.513,0.0427,0.028,POSTURA NEUTRA,NEUTRO
19:07:24,07,47.19,0.0022,0.0197,0.0202,0.5149,0.0455,0.0279,POSTURA NEUTRA,NEUTRO
19:07:25,07,48.2,0.0021,0.0201,0.0209,0.5188,0.0523,0.0287,POSTURA NEUTRA,NEUTRO
19:07:25,07,51.91,0.002,0.0203,0.0204,0.5215,0.0613,0.0315,POSTURA NEUTRA,NEUTRO
19:07:26,07,53.05,0.0019,0.0198,0.0199,0.5218,0.0643,0.0325,POSTURA NEUTRA,NEUTRO
19:07:27,07,52.26,0.0021,0.0179,0.019,0.5223,0.0682,0.0347,POSTURA NEUTRA,NEUTRO
19:07:27,07,49.51,0.0025,0.0168,0.018,0.5188,0.0696,0.0387,POSTURA CHIUSA,NEUTRO
19:07:28,07,49.62,0.0026,0.0179,0.0178,0.5161,0.0686,0.0405,POSTURA CHIUSA,TESO
19:07:28,07,49.38,0.0025,0.0126,0.0144,0.515,0.0683,0.0429,POSTURA CHIUSA,TESO
19:07:29,07,48.45,0.0023,0.0161,0.0177,0.5167,0.0661,0.0411,POSTURA CHIUSA,TESO
19:07:30,07,47.22,0.0025,0.0183,0.0195,0.5157,0.0632,0.0393,POSTURA CHIUSA,TESO
19:07:30,07,45.4,0.003,0.017,0.017,0.5115,0.0538,0.0313,POSTURA NEUTRA,TESO
19:07:31,07,45.49,0.0028,0.0173,0.0172,0.5064,0.0516,0.0297,POSTURA NEUTRA,NEUTRO
19:07:31,07,45.8,0.0026,0.0174,0.0166,0.5052,0.0512,0.0309,POSTURA NEUTRA,NEUTRO
19:07:32,07,46.69,0.0019,0.0177,0.0174,0.5046,0.0557,0.0334,POSTURA NEUTRA,NEUTRO
19:07:33,07,45.92,0.0019,0.0181,0.0181,0.5066,0.0578,0.0349,POSTURA NEUTRA,NEUTRO
19:07:33,07,45.86,0.0017,0.0184,0.0186,0.5047,0.0604,0.0386,POSTURA CHIUSA,NEUTRO
19:07:34,07,45.9,0.0021,0.0167,0.0165,0.5105,0.0635,0.0397,POSTURA CHIUSA,TESO
19:07:34,07,47.8,0.0015,0.0171,0.0204,0.5537,0.0346,0.0213,POSTURA NEUTRA,TESO
19:07:35,07,45.74,0.0014,0.0264,0.029,0.6019,0.0146,0.0103,POSTURA APERTA,NEUTRO
19:07:36,07,47.99,0.0008,0.0314,0.0339,0.6221,0.0157,0.007,POSTURA APERTA,SERENO
19:07:36,07,49.6,0.0005,0.0327,0.0353,0.6347,0.0135,0.0091,POSTURA APERTA,SERENO
19:07:37,07,49.79,0.0004,0.0336,0.0361,0.6366,0.013,0.0115,POSTURA APERTA,SERENO
19:07:37,07,49.14,0.0006,0.0341,0.0364,0.6355,0.0109,0.0142,POSTURA APERTA,SERENO
19:07:38,07,49.25,0.0006,0.0346,0.0367,0.6345,0.0186,0.0087,POSTURA APERTA,SERENO
19:07:38,07,49.77,0.0004,0.035,0.0372,0.6403,0.0206,0.0066,POSTURA APERTA,SERENO
19:07:39,07,50.0,0.0003,0.0351,0.0375,0.6383,0.0211,0.0052,POSTURA APERTA,SERENO
19:07:40,07,49.67,0.0003,0.0357,0.038,0.6329,0.0229,0.0094,POSTURA APERTA,SERENO
19:07:40,07,44.16,0.0059,0.0271,0.0276,0.6184,0.0346,0.0173,POSTURA NEUTRA,SERENO
19:07:41,07,39.02,0.0142,0.0249,0.0251,0.5708,0.0342,0.0193,POSTURA NEUTRA,NEUTRO
19:07:41,07,59.45,0.0083,0.0252,0.0253,0.555,0.0266,0.0141,POSTURA NEUTRA,NEUTRO
19:07:42,07,85.25,0.0028,0.0279,0.0277,0.5578,0.0209,0.0131,POSTURA APERTA,NEUTRO
19:07:43,07,93.72,0.0015,0.0254,0.0229,0.5611,0.0229,0.0155,POSTURA APERTA,MOLTO FELICE
19:07:43,07,80.76,0.003,0.0284,0.0274,0.5614,0.0295,0.0192,POSTURA NEUTRA,MOLTO FELICE
19:07:44,07,93.15,0.0014,0.0321,0.0323,0.5832,0.0401,0.0311,POSTURA NEUTRA,MOLTO FELICE
19:07:44,07,97.76,0.0006,0.0308,0.0316,0.6023,0.0472,0.0318,POSTURA NEUTRA,MOLTO FELICE
19:07:45,07,99.26,0.0005,0.0273,0.0282,0.6211,0.0503,0.033,POSTURA NEUTRA,MOLTO FELICE
19:07:46,07,99.76,0.0005,0.027,0.0274,0.6251,0.0493,0.0317,POSTURA NEUTRA,MOLTO FELICE
19:07:46,07,99.92,0.0005,0.0273,0.0279,0.6306,0.0469,0.0291,POSTURA NEUTRA,MOLTO FELICE
19:07:47,07,99.97,0.0004,0.0279,0.0295,0.6252,0.0533,0.0364,POSTURA CHIUSA,MOLTO FELICE
19:07:47,07,99.99,0.0004,0.0269,0.0294,0.622,0.0616,0.0418,POSTURA CHIUSA,MOLTO FELICE
19:07:48,07,100.0,0.0006,0.025,0.0277,0.6182,0.0501,0.04,POSTURA CHIUSA,MOLTO FELICE
19:07:48,07,100.0,0.0006,0.0253,0.0267,0.613,0.0484,0.0367,POSTURA CHIUSA,MOLTO FELICE
19:07:49,07,100.0,0.0006,0.024,0.025,0.6152,0.0502,0.0386,POSTURA CHIUSA,MOLTO FELICE
19:07:50,07,100.0,0.0009,0.0234,0.0245,0.6133,0.0541,0.0412,POSTURA CHIUSA,MOLTO FELICE
19:07:50,07,100.0,0.0011,0.0244,0.0254,0.6134,0.0562,0.0429,POSTURA CHIUSA,MOLTO FELICE
19:07:51,07,100.0,0.0011,0.0246,0.0253,0.6147,0.0541,0.0393,POSTURA CHIUSA,MOLTO FELICE
19:07:51,07,100.0,0.0012,0.0242,0.0245,0.6134,0.0549,0.039,POSTURA CHIUSA,MOLTO FELICE
19:07:52,07,100.0,0.0012,0.0234,0.0242,0.6119,0.0494,0.0388,POSTURA CHIUSA,MOLTO FELICE
19:07:53,07,100.0,0.0011,0.023,0.024,0.6091,0.0529,0.0416,POSTURA CHIUSA,MOLTO FELICE
19:07:53,07,100.0,0.0009,0.0238,0.0248,0.6139,0.0557,0.0445,POSTURA CHIUSA,MOLTO FELICE
19:07:54,07,100.0,0.0011,0.0239,0.0241,0.6165,0.0546,0.0448,POSTURA CHIUSA,MOLTO FELICE
19:07:54,07,100.0,0.0012,0.0241,0.0237,0.6145,0.0492,0.0428,POSTURA CHIUSA,MOLTO FELICE
19:07:55,07,88.15,0.0006,0.0265,0.0274,0.6109,0.0501,0.0411,POSTURA CHIUSA,MOLTO FELICE
19:07:55,07,69.09,0.0014,0.0323,0.0323,0.5888,0.0562,0.0423,POSTURA CHIUSA,MOLTO FELICE
19:07:56,07,54.55,0.0038,0.0199,0.0201,0.5206,0.0599,0.0423,POSTURA CHIUSA,TESO
19:07:57,07,46.92,0.0039,0.0146,0.0147,0.4867,0.0932,0.055,POSTURA CHIUSA,TESO
19:07:57,07,46.51,0.0059,0.0123,0.0119,0.4716,0.0603,0.0338,POSTURA NEUTRA,TESO
19:07:58,07,45.72,0.0175,0.0133,0.012,0.46,0.0326,0.0242,POSTURA NEUTRA,NEUTRO
19:07:58,07,45.88,0.0217,0.0141,0.0132,0.4525,0.0273,0.0209,POSTURA NEUTRA,NEUTRO
19:07:59,07,44.02,0.0266,0.0139,0.014,0.4603,0.039,0.0277,POSTURA NEUTRA,NEUTRO
19:08:00,07,42.4,0.0267,0.0146,0.0148,0.463,0.0692,0.0413,POSTURA CHIUSA,NEUTRO
19:08:00,07,45.09,0.0274,0.0127,0.0128,0.4593,0.0849,0.0458,POSTURA CHIUSA,TESO
19:08:01,07,46.36,0.0323,0.0079,0.0088,0.4591,0.0882,0.0484,POSTURA CHIUSA,TESO
19:08:01,07,43.91,0.0329,0.0052,0.0068,0.4487,0.0932,0.0554,POSTURA CHIUSA,TESO
19:08:02,07,47.64,0.0316,0.0049,0.007,0.4379,0.0968,0.0545,POSTURA CHIUSA,TESO
19:08:03,07,45.68,0.0181,0.0066,0.007,0.4402,0.0677,0.034,POSTURA NEUTRA,TESO
19:08:03,07,56.58,0.0067,0.0083,0.0077,0.4407,0.0329,0.0179,POSTURA NEUTRA,NEUTRO
19:08:04,07,79.18,0.0025,0.0069,0.0068,0.4396,0.0224,0.0148,POSTURA APERTA,NEUTRO
19:08:04,07,57.17,0.0169,0.0073,0.0072,0.4391,0.0197,0.0147,POSTURA APERTA,FELICE
19:08:05,07,49.61,0.0215,0.0079,0.0079,0.4379,0.0211,0.0156,POSTURA APERTA,SERENO
19:08:06,07,47.87,0.023,0.0078,0.0081,0.438,0.0228,0.0167,POSTURA APERTA,SERENO
19:08:06,07,74.49,0.008,0.0062,0.007,0.4387,0.0228,0.0171,POSTURA APERTA,SERENO
19:08:07,07,82.26,0.0029,0.006,0.0065,0.437,0.0206,0.015,POSTURA APERTA,FELICE
19:08:07,07,84.95,0.0012,0.007,0.0068,0.4475,0.0286,0.0209,POSTURA NEUTRA,MOLTO FELICE
19:08:08,07,82.66,0.0007,0.0063,0.0063,0.4506,0.0437,0.0324,POSTURA NEUTRA,MOLTO FELICE
19:08:09,07,81.11,0.0006,0.0058,0.0047,0.4532,0.0778,0.0494,POSTURA CHIUSA,MOLTO FELICE
19:08:09,07,91.65,0.0005,0.0044,0.0035,0.4506,0.0971,0.0576,POSTURA CHIUSA,MOLTO FELICE
19:08:10,07,84.58,0.0005,0.0047,0.003,0.4489,0.1077,0.0622,POSTURA CHIUSA,MOLTO FELICE
19:08:10,07,94.34,0.0004,0.0084,0.008,0.4463,0.1178,0.0681,POSTURA CHIUSA,MOLTO FELICE
19:08:11,07,96.53,0.0003,0.0081,0.0089,0.4433,0.1221,0.0702,POSTURA CHIUSA,MOLTO FELICE
19:08:11,07,87.93,0.0002,0.0074,0.008,0.4442,0.122,0.0681,POSTURA CHIUSA,MOLTO FELICE
19:08:12,07,93.25,0.0001,0.0081,0.0086,0.4471,0.1203,0.0662,POSTURA CHIUSA,MOLTO FELICE
19:08:13,07,95.17,0.0001,0.0088,0.0097,0.4491,0.1179,0.0646,POSTURA CHIUSA,MOLTO FELICE
19:08:13,07,95.95,0.0002,0.0089,0.0091,0.4493,0.1177,0.0644,POSTURA CHIUSA,MOLTO FELICE
19:08:14,07,96.78,0.0003,0.0054,0.0055,0.4472,0.1168,0.0653,POSTURA CHIUSA,MOLTO FELICE
19:08:14,07,97.65,0.0002,0.0075,0.0083,0.4444,0.1165,0.0664,POSTURA CHIUSA,MOLTO FELICE
19:08:15,07,97.31,0.0001,0.0104,0.0113,0.4428,0.1156,0.0692,POSTURA CHIUSA,MOLTO FELICE
19:08:16,07,97.57,0.0001,0.011,0.0117,0.4423,0.1145,0.0688,POSTURA CHIUSA,MOLTO FELICE
19:08:16,07,98.01,0.0001,0.0107,0.0112,0.4421,0.1144,0.069,POSTURA CHIUSA,MOLTO FELICE
19:08:17,07,75.37,0.0003,0.0082,0.0089,0.4602,0.1034,0.0564,POSTURA CHIUSA,MOLTO FELICE
19:08:17,07,53.03,0.0012,0.0159,0.0176,0.5371,0.0558,0.0301,POSTURA NEUTRA,MOLTO FELICE
19:08:18,07,50.01,0.0011,0.0269,0.0288,0.5869,0.0318,0.0264,POSTURA NEUTRA,NEUTRO
19:08:19,07,51.42,0.0009,0.0318,0.0339,0.6,0.0249,0.0399,POSTURA CHIUSA,NEUTRO
19:08:19,07,53.05,0.0006,0.034,0.0356,0.5961,0.0232,0.0465,POSTURA CHIUSA,TESO
19:08:20,07,54.07,0.0004,0.0356,0.0374,0.5842,0.0168,0.038,POSTURA CHIUSA,TESO
19:08:20,07,54.49,0.0004,0.0367,0.0385,0.5841,0.0105,0.0342,POSTURA NEUTRA,TESO
19:08:21,07,54.95,0.0006,0.0367,0.0373,0.585,0.0109,0.0358,POSTURA CHIUSA,NEUTRO
19:08:22,07,55.89,0.0005,0.0369,0.0369,0.6007,0.0157,0.0321,POSTURA NEUTRA,NEUTRO
19:08:22,07,55.3,0.0007,0.0373,0.0379,0.5941,0.0064,0.0211,POSTURA APERTA,SERENO
19:08:23,07,51.07,0.0017,0.0305,0.0293,0.5864,0.0299,0.0207,POSTURA NEUTRA,SERENO
19:08:23,07,53.27,0.0011,0.025,0.0233,0.5495,0.0473,0.0295,POSTURA NEUTRA,NEUTRO
19:08:24,07,55.58,0.0005,0.0234,0.0219,0.5342,0.0533,0.0318,POSTURA NEUTRA,NEUTRO
19:08:24,07,59.62,0.0004,0.0251,0.0238,0.5301,0.053,0.0314,POSTURA NEUTRA,NEUTRO
19:08:25,07,66.47,0.0004,0.026,0.0253,0.5259,0.0474,0.0284,POSTURA NEUTRA,FELICE
19:08:26,07,69.86,0.0004,0.0259,0.0252,0.5223,0.0448,0.0291,POSTURA NEUTRA,FELICE
19:08:26,07,71.62,0.0005,0.026,0.0251,0.5196,0.0438,0.0284,POSTURA NEUTRA,FELICE
19:08:27,07,72.83,0.0005,0.0261,0.0252,0.5197,0.0406,0.0269,POSTURA NEUTRA,FELICE
19:08:27,07,73.7,0.0005,0.0258,0.0245,0.5184,0.0387,0.0256,POSTURA NEUTRA,FELICE
19:08:28,07,71.26,0.0006,0.0253,0.0239,0.5187,0.0425,0.0282,POSTURA NEUTRA,FELICE
19:08:29,07,54.44,0.0093,0.026,0.0258,0.5188,0.04,0.0257,POSTURA NEUTRA,FELICE
19:08:29,07,40.64,0.0149,0.0238,0.0251,0.5203,0.0338,0.0236,POSTURA NEUTRA,NEUTRO
19:08:30,07,58.02,0.0053,0.0218,0.0221,0.5236,0.0328,0.0221,POSTURA NEUTRA,NEUTRO
19:08:30,07,65.67,0.0019,0.0251,0.0236,0.5193,0.0346,0.0258,POSTURA NEUTRA,FELICE
19:08:31,07,70.9,0.0008,0.0248,0.0226,0.5166,0.033,0.0246,POSTURA NEUTRA,FELICE
19:08:31,07,73.01,0.0003,0.025,0.0222,0.5159,0.032,0.0245,POSTURA NEUTRA,FELICE
19:08:32,07,73.48,0.0002,0.0245,0.0217,0.5155,0.0293,0.0246,POSTURA NEUTRA,FELICE
19:08:33,07,71.6,0.0001,0.0246,0.0221,0.5161,0.0282,0.0228,POSTURA NEUTRA,FELICE
19:08:33,07,69.6,0.0001,0.0254,0.0227,0.5183,0.0298,0.0243,POSTURA NEUTRA,FELICE
19:08:34,07,70.31,0.0001,0.0264,0.0234,0.52,0.0323,0.0269,POSTURA NEUTRA,FELICE
19:08:34,07,70.3,0.0001,0.0269,0.0238,0.5198,0.0346,0.0274,POSTURA NEUTRA,FELICE
19:08:35,07,70.1,0.0,0.0276,0.0243,0.5194,0.035,0.0267,POSTURA NEUTRA,FELICE
19:08:36,07,69.45,0.0001,0.0276,0.0244,0.5177,0.0379,0.0282,POSTURA NEUTRA,FELICE
19:08:36,07,68.62,0.0005,0.0242,0.0209,0.5163,0.0391,0.0304,POSTURA NEUTRA,FELICE
19:08:37,07,64.98,0.001,0.0263,0.0233,0.5162,0.034,0.0276,POSTURA NEUTRA,FELICE
19:08:37,07,65.26,0.0005,0.0263,0.0239,0.5196,0.0328,0.0264,POSTURA NEUTRA,FELICE
19:08:38,07,65.95,0.0004,0.0263,0.0239,0.5219,0.0344,0.026,POSTURA NEUTRA,FELICE
19:08:39,07,66.8,0.0004,0.0268,0.0243,0.5244,0.0339,0.0268,POSTURA NEUTRA,FELICE
19:08:39,07,66.99,0.0003,0.0278,0.0248,0.5236,0.0333,0.0239,POSTURA NEUTRA,FELICE
19:08:40,07,67.65,0.0002,0.0281,0.0253,0.5214,0.0329,0.0238,POSTURA NEUTRA,FELICE
19:08:40,07,67.91,0.0003,0.027,0.0247,0.5204,0.0319,0.0243,POSTURA NEUTRA,FELICE
19:08:41,07,67.49,0.0002,0.0268,0.0245,0.5207,0.0316,0.0247,POSTURA NEUTRA,FELICE
19:08:42,07,67.02,0.0002,0.0266,0.0241,0.5213,0.0332,0.0238,POSTURA NEUTRA,FELICE
19:08:42,07,66.88,0.0002,0.0272,0.0245,0.5206,0.0329,0.0234,POSTURA NEUTRA,FELICE
19:08:43,07,66.15,0.0004,0.0283,0.0254,0.5183,0.0322,0.0231,POSTURA NEUTRA,FELICE
19:08:43,07,65.44,0.0003,0.0285,0.0255,0.5152,0.0338,0.0237,POSTURA NEUTRA,FELICE
19:08:44,07,65.71,0.0003,0.029,0.0258,0.5143,0.0351,0.025,POSTURA NEUTRA,FELICE
19:08:45,07,64.61,0.0003,0.0286,0.0259,0.5121,0.0357,0.0242,POSTURA NEUTRA,FELICE
19:08:45,07,64.63,0.0004,0.0276,0.0252,0.512,0.0354,0.0228,POSTURA NEUTRA,FELICE
19:08:46,07,64.99,0.0003,0.0269,0.0243,0.5123,0.0354,0.0211,POSTURA NEUTRA,FELICE
19:08:46,07,65.03,0.0002,0.0268,0.0243,0.5123,0.0352,0.0198,POSTURA NEUTRA,FELICE
19:08:47,07,65.18,0.0002,0.0276,0.0249,0.5146,0.0351,0.0223,POSTURA NEUTRA,FELICE
19:08:48,07,64.58,0.0003,0.0272,0.0248,0.5133,0.0343,0.0228,POSTURA NEUTRA,FELICE
19:08:48,07,64.6,0.0003,0.027,0.0245,0.5133,0.0364,0.0258,POSTURA NEUTRA,FELICE
19:08:49,07,64.69,0.0003,0.027,0.0244,0.5137,0.0353,0.0254,POSTURA NEUTRA,FELICE
19:08:49,07,64.86,0.0002,0.0273,0.0245,0.5136,0.0381,0.0275,POSTURA NEUTRA,FELICE
19:08:50,07,61.7,0.0011,0.0278,0.026,0.5022,0.0433,0.0303,POSTURA NEUTRA,FELICE
19:08:50,07,63.64,0.0012,0.0231,0.0236,0.4445,0.0506,0.0244,POSTURA NEUTRA,FELICE
19:08:51,07,58.12,0.0016,0.0202,0.0205,0.4502,0.0526,0.0265,POSTURA NEUTRA,FELICE
19:08:52,07,55.17,0.0019,0.0192,0.02,0.4578,0.0496,0.0241,POSTURA NEUTRA,NEUTRO
19:08:52,07,54.29,0.0029,0.019,0.0195,0.4603,0.0487,0.0226,POSTURA NEUTRA,NEUTRO
19:08:53,07,57.3,0.0052,0.0193,0.0207,0.4624,0.0478,0.0213,POSTURA NEUTRA,NEUTRO
19:08:53,07,25.18,0.0424,0.0202,0.0182,0.4579,0.0469,0.025,POSTURA NEUTRA,NEUTRO
19:08:54,07,8.25,0.0691,0.0222,0.0195,0.4575,0.0681,0.0445,POSTURA CHIUSA,SORPRESO
19:08:55,07,2.7,0.0828,0.0215,0.0192,0.4592,0.0779,0.0478,POSTURA CHIUSA,SORPRESO
19:08:55,07,0.89,0.0907,0.0204,0.0185,0.4637,0.0809,0.049,POSTURA CHIUSA,SORPRESO
19:08:56,07,0.29,0.0921,0.0197,0.0178,0.464,0.0778,0.0464,POSTURA CHIUSA,SORPRESO
19:08:56,07,0.1,0.0949,0.0211,0.0189,0.4624,0.0759,0.0462,POSTURA CHIUSA,SORPRESO
19:08:57,07,0.03,0.0961,0.0208,0.0182,0.4598,0.0751,0.0469,POSTURA CHIUSA,SORPRESO
19:08:58,07,0.01,0.0971,0.0208,0.0182,0.4623,0.0744,0.046,POSTURA CHIUSA,SORPRESO
19:08:58,07,6.36,0.0731,0.0174,0.016,0.4693,0.0824,0.0475,POSTURA CHIUSA,SORPRESO
19:08:59,07,38.41,0.0257,0.0176,0.0197,0.5188,0.043,0.0232,POSTURA NEUTRA,SORPRESO
19:08:59,07,48.77,0.0088,0.0249,0.0277,0.5668,0.0257,0.0194,POSTURA NEUTRA,NEUTRO
19:09:00,07,52.19,0.0034,0.0288,0.0314,0.5824,0.0258,0.0191,POSTURA NEUTRA,NEUTRO
19:09:01,07,52.92,0.002,0.0303,0.0326,0.5867,0.0262,0.0167,POSTURA NEUTRA,NEUTRO
19:09:01,07,52.01,0.0015,0.03,0.0317,0.5889,0.0259,0.0181,POSTURA NEUTRA,NEUTRO
19:09:02,07,50.74,0.0013,0.0301,0.0314,0.5887,0.0265,0.0171,POSTURA NEUTRA,NEUTRO
19:09:02,07,50.69,0.0012,0.0301,0.0312,0.5875,0.0265,0.0141,POSTURA NEUTRA,NEUTRO
19:09:03,07,49.84,0.0013,0.0296,0.0307,0.5868,0.0244,0.0135,POSTURA APERTA,NEUTRO
19:09:03,07,47.54,0.0023,0.0246,0.023,0.5698,0.0184,0.0116,POSTURA APERTA,SERENO
19:09:04,07,44.38,0.0028,0.0242,0.0224,0.5426,0.02,0.0184,POSTURA APERTA,SERENO
19:09:05,07,48.7,0.0032,0.0246,0.0234,0.5352,0.0231,0.0189,POSTURA APERTA,SERENO
19:09:05,07,52.88,0.0023,0.025,0.0241,0.5337,0.0249,0.0185,POSTURA APERTA,SERENO
19:09:06,07,54.64,0.0023,0.0253,0.0247,0.5344,0.0248,0.0169,POSTURA APERTA,SERENO
19:09:06,07,55.58,0.0023,0.0235,0.0232,0.5337,0.0276,0.0196,POSTURA NEUTRA,SERENO
19:09:07,07,58.99,0.0017,0.0173,0.0181,0.5303,0.0328,0.0203,POSTURA NEUTRA,NEUTRO
19:09:08,07,57.36,0.0015,0.0235,0.023,0.5343,0.0235,0.0166,POSTURA APERTA,NEUTRO
19:09:08,07,63.4,0.0009,0.0285,0.0271,0.5565,0.0103,0.0118,POSTURA APERTA,FELICE
19:09:09,07,68.86,0.0004,0.029,0.0271,0.5654,0.0042,0.0117,POSTURA APERTA,FELICE
19:09:09,07,71.17,0.0002,0.0294,0.0271,0.5665,0.0035,0.0083,POSTURA APERTA,FELICE
19:09:10,07,71.99,0.0003,0.03,0.0276,0.5658,0.0018,0.0085,POSTURA APERTA,FELICE
19:09:11,07,71.78,0.0003,0.0298,0.0274,0.5663,0.0023,0.0072,POSTURA APERTA,FELICE
19:09:11,07,70.29,0.0004,0.0304,0.0275,0.5643,0.0033,0.0087,POSTURA APERTA,FELICE
19:09:12,07,70.59,0.0003,0.0311,0.028,0.5624,0.0053,0.0124,POSTURA APERTA,FELICE
19:09:12,07,70.73,0.0003,0.0316,0.0283,0.5567,0.0061,0.0116,POSTURA APERTA,FELICE
19:09:13,07,70.69,0.0003,0.0313,0.028,0.5559,0.005,0.0119,POSTURA APERTA,FELICE
19:09:13,07,65.3,0.0008,0.0328,0.0302,0.5515,0.0125,0.013,POSTURA APERTA,FELICE
19:09:14,07,49.8,0.003,0.0254,0.0222,0.5233,0.0287,0.021,POSTURA NEUTRA,FELICE
19:09:15,07,47.39,0.0082,0.0197,0.0177,0.4957,0.0355,0.019,POSTURA NEUTRA,NEUTRO
19:09:15,07,38.45,0.0167,0.0159,0.0151,0.4662,0.0402,0.0204,POSTURA NEUTRA,NEUTRO
19:09:16,07,35.78,0.0161,0.0121,0.0111,0.4536,0.052,0.0272,POSTURA NEUTRA,NEUTRO
19:09:16,07,41.86,0.0117,0.0154,0.0151,0.4515,0.056,0.0282,POSTURA NEUTRA,ARRABBIATO
19:09:17,07,46.4,0.009,0.0168,0.0167,0.4521,0.0584,0.0281,POSTURA NEUTRA,NEUTRO
19:09:18,07,49.32,0.0114,0.0173,0.017,0.4519,0.0595,0.0296,POSTURA NEUTRA,NEUTRO
19:09:18,07,51.5,0.0086,0.0176,0.0172,0.452,0.06,0.0292,POSTURA NEUTRA,NEUTRO
19:09:19,07,50.69,0.0081,0.0193,0.0183,0.453,0.0605,0.0302,POSTURA NEUTRA,NEUTRO
2026-06-21T14:50:52,af663346,7,0.16,0.0141,0.6119,0.5245,0.507,0.0555,0.0458,POSTURA CHIUSA,NEUTRO
2026-06-21T14:50:52,af663346,7,0.18,0.0096,0.8208,0.8999,0.4978,0.0253,0.0385,POSTURA CHIUSA,NEUTRO
2026-06-21T14:50:53,af663346,7,0.22,0.0108,0.9201,0.9381,0.5008,0.0102,0.042,POSTURA CHIUSA,TESO
2026-06-21T14:50:54,af663346,7,0.89,0.0036,0.9236,0.9411,0.492,0.0028,0.0392,POSTURA CHIUSA,TESO
2026-06-21T14:50:54,af663346,7,0.23,0.0028,0.8314,0.8509,0.4908,0.0064,0.0332,POSTURA NEUTRA,TESO
2026-06-21T14:50:55,af663346,7,0.04,0.0039,0.8523,0.8864,0.5043,0.0031,0.0414,POSTURA CHIUSA,TESO
2026-06-21T14:50:55,af663346,7,0.02,0.0043,0.8933,0.9178,0.5122,0.0072,0.0342,POSTURA NEUTRA,TESO
2026-06-21T14:50:56,af663346,7,95.53,0.0111,0.8011,0.8542,0.5069,0.0053,0.046,POSTURA CHIUSA,TESO
2026-06-21T14:50:56,af663346,7,96.47,0.0103,0.8013,0.8371,0.4975,0.0102,0.0282,POSTURA APERTA,MOLTO FELICE
2026-06-21T14:50:57,af663346,7,96.24,0.011,0.8008,0.8443,0.5016,0.0106,0.0364,POSTURA CHIUSA,MOLTO FELICE
2026-06-21T14:50:57,af663346,7,0.7,0.003,0.6384,0.6558,0.5167,0.0045,0.0358,POSTURA CHIUSA,TESO
2026-06-21T14:50:58,af663346,7,0.08,0.0025,0.8627,0.8659,0.5015,0.0123,0.043,POSTURA CHIUSA,TESO
2026-06-21T14:50:58,af663346,7,5.76,0.0008,0.7904,0.8832,0.5023,0.0046,0.0349,POSTURA NEUTRA,TESO
2026-06-21T14:50:59,af663346,7,0.66,0.0014,0.8078,0.8753,0.5139,0.003,0.0418,POSTURA CHIUSA,NEUTRO
2026-06-21T14:50:59,af663346,7,0.2,0.0031,0.8363,0.8736,0.526,0.0113,0.0289,POSTURA APERTA,TESO
2026-06-21T14:51:00,af663346,7,0.28,0.0042,0.8654,0.8962,0.5371,0.017,0.0426,POSTURA CHIUSA,TESO
2026-06-21T14:51:00,af663346,7,0.19,0.0103,0.894,0.909,0.5413,0.0162,0.0409,POSTURA CHIUSA,TESO
2026-06-21T14:51:01,af663346,7,0.04,0.0097,0.9531,0.9476,0.539,0.0857,0.0349,POSTURA NEUTRA,NEUTRO
2026-06-21T14:51:02,af663346,7,0.12,0.0113,0.8439,0.852,0.6164,0.0773,0.0283,POSTURA NEUTRA,NEUTRO
2026-06-21T14:51:02,af663346,7,0.02,0.0044,0.8856,0.9237,0.5704,0.0898,0.0253,POSTURA NEUTRA,NEUTRO
2026-06-21T14:51:03,af663346,7,36.37,0.0017,0.7402,0.8156,0.5965,0.0973,0.026,POSTURA NEUTRA,ARRABBIATO
2026-06-21T14:51:03,af663346,7,41.76,0.0015,0.6377,0.7046,0.6179,0.1275,0.026,POSTURA NEUTRA,NEUTRO
2026-06-21T14:51:04,af663346,7,1.84,0.01,0.6737,0.6824,0.5841,0.0653,0.0316,POSTURA NEUTRA,NEUTRO
2026-06-21T14:51:04,af663346,7,1.06,0.0024,0.6782,0.7673,0.5167,0.1197,0.051,POSTURA CHIUSA,TESO
2026-06-21T14:51:05,af663346,7,0.06,0.005,0.6705,0.9108,0.5383,0.1353,0.0702,POSTURA CHIUSA,TESO
2026-06-21T14:51:05,af663346,7,0.02,0.0044,0.7743,0.8758,0.5394,0.0779,0.0336,POSTURA NEUTRA,TESO
2026-06-21T14:51:06,af663346,7,0.05,0.0042,0.9067,0.9352,0.5728,0.0719,0.0465,POSTURA CHIUSA,TESO
2026-06-21T14:51:06,af663346,7,0.02,0.0054,0.9131,0.9379,0.5719,0.0401,0.0077,POSTURA NEUTRA,NEUTRO
2026-06-21T14:51:07,af663346,7,0.01,0.0074,0.8822,0.8749,0.6162,0.0404,0.0164,POSTURA NEUTRA,NEUTRO
2026-06-21T14:51:08,af663346,7,0.0,0.0158,0.9229,0.9262,0.586,0.0474,0.013,POSTURA NEUTRA,NEUTRO
2026-06-21T14:51:08,af663346,7,0.0,0.0299,0.9596,0.9548,0.5653,0.0473,0.0398,POSTURA CHIUSA,NEUTRO
2026-06-21T14:51:09,af663346,7,0.0,0.025,0.9686,0.9716,0.5526,0.039,0.0218,POSTURA NEUTRA,TESO
2026-06-21T14:51:09,af663346,7,0.0,0.0699,0.96,0.9628,0.5561,0.0443,0.0172,POSTURA NEUTRA,NEUTRO
2026-06-21T14:51:10,af663346,7,0.0,0.0253,0.9739,0.9741,0.5445,0.0806,0.0121,POSTURA NEUTRA,NEUTRO
2026-06-21T14:51:10,af663346,7,0.0,0.044,0.9613,0.9486,0.5664,0.0472,0.0364,POSTURA CHIUSA,NEUTRO
2026-06-21T14:51:11,af663346,7,0.02,0.0123,0.9522,0.9476,0.5706,0.0368,0.01,POSTURA NEUTRA,NEUTRO
2026-06-21T14:51:11,af663346,7,9.04,0.0045,0.9475,0.9469,0.5709,0.0341,0.0226,POSTURA NEUTRA,NEUTRO
2026-06-21T14:51:12,af663346,7,19.4,0.0092,0.9197,0.923,0.5876,0.0201,0.0113,POSTURA APERTA,SERENO
2026-06-21T14:51:12,af663346,7,4.5,0.0105,0.923,0.9286,0.6031,0.0231,0.0068,POSTURA APERTA,SERENO
2026-06-21T14:51:13,af663346,7,0.15,0.0398,0.9219,0.95,0.618,0.0159,0.0123,POSTURA APERTA,SERENO
2026-06-21T14:51:14,af663346,7,0.01,0.0475,0.969,0.948,0.6367,0.0327,0.0042,POSTURA NEUTRA,SERENO
2026-06-21T14:51:14,af663346,7,0.0,0.0376,0.9714,0.9425,0.6111,0.0914,0.0247,POSTURA NEUTRA,NEUTRO
2026-06-21T14:51:15,af663346,7,0.0,0.0368,0.976,0.9617,0.6084,0.0511,0.01,POSTURA NEUTRA,NEUTRO
2026-06-21T14:51:15,af663346,7,0.0,0.0444,0.9815,0.9575,0.5933,0.0284,0.0198,POSTURA NEUTRA,NEUTRO
2026-06-21T14:51:16,af663346,7,0.0,0.0656,0.9858,0.9669,0.5968,0.0295,0.0078,POSTURA NEUTRA,NEUTRO
2026-06-21T14:51:16,af663346,7,0.0,0.0599,0.9855,0.9675,0.5464,0.0597,0.0596,POSTURA CHIUSA,NEUTRO
2026-06-21T14:51:17,af663346,7,0.0,0.0535,0.912,0.8697,0.5696,0.0532,0.0423,POSTURA CHIUSA,TESO
2026-06-21T14:51:17,af663346,7,0.0,0.0302,0.9033,0.839,0.5766,0.0405,0.0112,POSTURA NEUTRA,NEUTRO
2026-06-21T14:51:18,af663346,7,0.0,0.0099,0.9704,0.9755,0.5694,0.0507,0.0059,POSTURA NEUTRA,NEUTRO
2026-06-21T14:51:18,af663346,7,0.01,0.0101,0.6912,0.7935,0.5399,0.0569,0.0322,POSTURA NEUTRA,NEUTRO
2026-06-21T14:51:19,af663346,7,0.04,0.1502,0.8031,0.8983,0.5034,0.0538,0.0319,POSTURA NEUTRA,NEUTRO
2026-06-21T14:51:20,af663346,7,94.08,0.0572,0.831,0.9035,0.5109,0.0262,0.0312,POSTURA NEUTRA,NEUTRO
2026-06-21T14:51:20,af663346,7,87.47,0.0144,0.8088,0.891,0.5095,0.0166,0.0278,POSTURA APERTA,MOLTO FELICE
2026-06-21T14:51:21,af663346,7,0.35,0.0032,0.7151,0.8311,0.5665,0.0602,0.0312,POSTURA NEUTRA,MOLTO FELICE
2026-06-21T14:51:21,af663346,7,0.05,0.0028,0.8298,0.8372,0.5324,0.0192,0.0097,POSTURA APERTA,NEUTRO
2026-06-21T14:51:22,af663346,7,0.03,0.0029,0.9229,0.9318,0.5034,0.0352,0.0176,POSTURA NEUTRA,SERENO
2026-06-21T14:51:22,af663346,7,0.02,0.0025,0.8464,0.8823,0.477,0.0316,0.0326,POSTURA NEUTRA,NEUTRO
2026-06-21T14:51:23,af663346,7,0.68,0.0013,0.7553,0.7421,0.6219,0.0457,0.0447,POSTURA CHIUSA,TESO
2026-06-21T14:51:24,af663346,7,0.1,0.0014,0.6822,0.8476,0.5645,0.0443,0.0378,POSTURA CHIUSA,TESO
2026-06-21T14:51:31,af663346,7,0.31,0.0009,0.4066,0.8918,0.3627,0.0439,0.0379,POSTURA CHIUSA,TESO
2026-06-21T14:51:32,af663346,7,0.05,0.0018,0.7571,0.9178,0.4704,0.0348,0.0061,POSTURA NEUTRA,NEUTRO
2026-06-21T14:51:32,af663346,7,0.11,0.0014,0.794,0.9324,0.4219,0.0206,0.0103,POSTURA APERTA,NEUTRO
2026-06-21T14:51:34,af663346,7,1.14,0.0012,0.9741,0.989,0.4122,0.0273,0.0267,POSTURA NEUTRA,NEUTRO
2026-06-21T14:51:34,af663346,7,44.35,0.0019,0.7772,0.8116,0.3843,0.0468,0.0282,POSTURA NEUTRA,NEUTRO
2026-06-21T14:51:35,af663346,7,94.55,0.0091,0.6951,0.7811,0.3936,0.0343,0.0087,POSTURA NEUTRA,MOLTO FELICE
2026-06-21T14:51:35,af663346,7,95.84,0.0116,0.7395,0.8047,0.3848,0.012,0.0031,POSTURA APERTA,MOLTO FELICE
2026-06-21T14:51:36,af663346,7,83.36,0.0099,0.7716,0.8643,0.3851,0.0156,0.0041,POSTURA APERTA,MOLTO FELICE
2026-06-21T14:51:36,af663346,7,92.13,0.0109,0.7117,0.8171,0.4059,0.0298,0.0046,POSTURA NEUTRA,MOLTO FELICE
2026-06-21T14:51:37,af663346,7,92.31,0.0077,0.7549,0.8205,0.4161,0.0292,0.009,POSTURA NEUTRA,MOLTO FELICE
2026-06-21T14:51:37,af663346,7,94.39,0.0161,0.6443,0.794,0.4133,0.0242,0.0044,POSTURA APERTA,MOLTO FELICE
2026-06-21T14:51:38,af663346,7,94.03,0.0135,0.7115,0.8372,0.4018,0.0125,0.0072,POSTURA APERTA,MOLTO FELICE
2026-06-21T14:51:38,af663346,7,95.22,0.009,0.6738,0.7913,0.4015,0.0085,0.0108,POSTURA APERTA,MOLTO FELICE
2026-06-21T14:51:39,af663346,7,94.82,0.0067,0.4744,0.657,0.3966,0.0043,0.0072,POSTURA APERTA,MOLTO FELICE
2026-06-21T14:51:40,af663346,7,94.91,0.0098,0.6859,0.7903,0.4066,0.0032,0.0113,POSTURA APERTA,MOLTO FELICE
2026-06-21T14:51:40,af663346,7,94.09,0.0088,0.6964,0.8039,0.4062,0.0069,0.013,POSTURA APERTA,MOLTO FELICE
2026-06-21T14:51:41,af663346,7,94.97,0.0087,0.7475,0.8268,0.4057,0.0168,0.0145,POSTURA APERTA,MOLTO FELICE
2026-06-21T14:51:41,af663346,7,94.98,0.0092,0.7364,0.8348,0.4023,0.0155,0.016,POSTURA APERTA,MOLTO FELICE
2026-06-21T14:51:42,af663346,7,94.52,0.0108,0.73,0.8374,0.4017,0.0176,0.0171,POSTURA APERTA,MOLTO FELICE
2026-06-21T14:51:42,af663346,7,94.1,0.0079,0.702,0.8414,0.4082,0.014,0.0148,POSTURA APERTA,MOLTO FELICE
2026-06-21T14:51:43,af663346,7,94.64,0.0102,0.697,0.8021,0.4071,0.0084,0.0103,POSTURA APERTA,MOLTO FELICE
2026-06-21T14:51:43,af663346,7,92.69,0.0104,0.732,0.8428,0.4072,0.0082,0.0123,POSTURA APERTA,MOLTO FELICE
2026-06-21T14:51:44,af663346,7,14.0,0.0019,0.7252,0.8656,0.4014,0.0104,0.0129,POSTURA APERTA,MOLTO FELICE
2026-06-21T14:51:44,af663346,7,8.73,0.0007,0.7918,0.8737,0.403,0.0113,0.0153,POSTURA APERTA,SERENO
2026-06-21T14:51:45,af663346,7,4.72,0.0008,0.7714,0.8828,0.4005,0.0124,0.0097,POSTURA APERTA,SERENO
2026-06-21T14:51:45,af663346,7,1.77,0.0011,0.893,0.9414,0.4044,0.0041,0.0138,POSTURA APERTA,SERENO
2026-06-21T14:51:46,af663346,7,1.05,0.0008,0.6328,0.7175,0.4076,0.0035,0.0108,POSTURA APERTA,SERENO
2026-06-21T14:51:47,af663346,7,0.29,0.0012,0.9065,0.9085,0.408,0.0018,0.0112,POSTURA APERTA,SERENO
2026-06-21T14:51:47,af663346,7,0.29,0.0012,0.9203,0.9579,0.4065,0.0045,0.01,POSTURA APERTA,SERENO
2026-06-21T14:51:48,af663346,7,0.08,0.0025,0.9256,0.9541,0.412,0.0351,0.0062,POSTURA NEUTRA,SERENO
2026-06-21T14:51:48,af663346,7,0.06,0.0051,0.9339,0.967,0.4134,0.0603,0.0097,POSTURA NEUTRA,NEUTRO
2026-06-21T14:51:49,af663346,7,0.15,0.0026,0.9527,0.975,0.4192,0.0622,0.0142,POSTURA NEUTRA,NEUTRO
2026-06-21T14:51:49,af663346,7,1.01,0.0011,0.9242,0.9361,0.4378,0.0612,0.0133,POSTURA NEUTRA,NEUTRO
2026-06-21T14:51:50,af663346,7,10.18,0.002,0.9352,0.9376,0.4814,0.0758,0.0136,POSTURA NEUTRA,NEUTRO
2026-06-21T14:51:50,af663346,7,4.6,0.0021,0.9269,0.9326,0.4879,0.0739,0.0156,POSTURA NEUTRA,NEUTRO
2026-06-21T14:51:51,af663346,7,0.57,0.0076,0.8911,0.9386,0.4868,0.0917,0.0153,POSTURA NEUTRA,NEUTRO
2026-06-21T14:51:51,af663346,7,0.73,0.0042,0.8798,0.9474,0.4822,0.0724,0.0097,POSTURA NEUTRA,NEUTRO
2026-06-21T14:51:52,af663346,7,1.36,0.0024,0.921,0.9674,0.4848,0.0771,0.0095,POSTURA NEUTRA,NEUTRO
2026-06-21T14:51:52,af663346,7,2.46,0.0013,0.934,0.968,0.4907,0.098,0.0103,POSTURA NEUTRA,NEUTRO
2026-06-21T14:51:53,af663346,7,1.99,0.0012,0.9412,0.9734,0.4969,0.088,0.0093,POSTURA NEUTRA,NEUTRO
2026-06-21T14:51:53,af663346,7,1.4,0.0013,0.9363,0.9707,0.5006,0.0929,0.0092,POSTURA NEUTRA,NEUTRO
2026-06-21T14:51:54,af663346,7,2.27,0.0015,0.932,0.9681,0.4964,0.0885,0.0072,POSTURA NEUTRA,NEUTRO
2026-06-21T14:51:54,af663346,7,3.2,0.0014,0.9323,0.9714,0.5002,0.0879,0.0036,POSTURA NEUTRA,NEUTRO
2026-06-21T14:51:55,af663346,7,2.62,0.0013,0.927,0.9655,0.4921,0.1018,0.0041,POSTURA NEUTRA,NEUTRO
2026-06-21T14:51:56,af663346,7,2.64,0.0015,0.9296,0.9657,0.4966,0.0987,0.0063,POSTURA NEUTRA,NEUTRO
2026-06-21T14:51:56,af663346,7,3.0,0.0013,0.9302,0.9651,0.504,0.0957,0.003,POSTURA NEUTRA,NEUTRO
2026-06-21T14:51:57,af663346,7,2.78,0.0014,0.9299,0.9642,0.4947,0.0904,0.0075,POSTURA NEUTRA,NEUTRO
2026-06-21T14:51:57,af663346,7,2.86,0.0013,0.9254,0.9627,0.4967,0.0965,0.0076,POSTURA NEUTRA,NEUTRO
2026-06-21T14:51:58,af663346,7,2.91,0.0014,0.9212,0.9548,0.4977,0.0983,0.0048,POSTURA NEUTRA,NEUTRO
2026-06-21T14:51:58,af663346,7,3.75,0.0016,0.9296,0.9647,0.4963,0.1126,0.0021,POSTURA NEUTRA,NEUTRO
2026-06-21T14:51:59,af663346,7,3.24,0.0016,0.9285,0.9566,0.5008,0.1044,0.0066,POSTURA NEUTRA,NEUTRO
2026-06-21T14:51:59,af663346,7,3.33,0.0018,0.9301,0.9579,0.5043,0.0932,0.009,POSTURA NEUTRA,NEUTRO
2026-06-21T14:52:00,af663346,7,3.04,0.002,0.9277,0.9672,0.515,0.0892,0.0095,POSTURA NEUTRA,NEUTRO
2026-06-21T14:52:00,af663346,7,2.7,0.0023,0.9293,0.9658,0.5013,0.0939,0.0077,POSTURA NEUTRA,NEUTRO
2026-06-21T14:52:01,af663346,7,2.29,0.0023,0.932,0.967,0.5043,0.095,0.0044,POSTURA NEUTRA,NEUTRO
2026-06-21T14:52:01,af663346,7,1.57,0.0025,0.9301,0.9704,0.5058,0.0898,0.0058,POSTURA NEUTRA,NEUTRO
2026-06-21T14:52:02,af663346,7,1.92,0.002,0.9429,0.9745,0.5121,0.0898,0.0149,POSTURA NEUTRA,NEUTRO
2026-06-21T14:52:03,af663346,7,1.31,0.0025,0.9473,0.9806,0.5039,0.1019,0.0078,POSTURA NEUTRA,NEUTRO
2026-06-21T14:52:03,af663346,7,1.68,0.0023,0.9458,0.9795,0.5073,0.1037,0.0078,POSTURA NEUTRA,NEUTRO
2026-06-21T14:52:04,af663346,7,1.56,0.0022,0.9499,0.9815,0.5011,0.0886,0.0087,POSTURA NEUTRA,NEUTRO
2026-06-21T14:52:04,af663346,7,3.44,0.0017,0.9532,0.9798,0.508,0.0905,0.0076,POSTURA NEUTRA,NEUTRO
2026-06-21T14:52:05,af663346,7,22.23,0.0007,0.9422,0.9745,0.504,0.0928,0.0039,POSTURA NEUTRA,NEUTRO
2026-06-21T14:52:05,af663346,7,19.49,0.0006,0.9429,0.9763,0.4995,0.0926,0.0046,POSTURA NEUTRA,NEUTRO
2026-06-21T14:52:06,af663346,7,3.33,0.0009,0.9449,0.9738,0.4975,0.099,0.0069,POSTURA NEUTRA,NEUTRO
2026-06-21T14:52:06,af663346,7,1.27,0.0006,0.7265,0.8651,0.4552,0.053,0.009,POSTURA NEUTRA,NEUTRO
2026-06-21T14:52:07,af663346,7,0.17,0.0072,0.7098,0.7636,0.3937,0.0493,0.016,POSTURA NEUTRA,NEUTRO
2026-06-21T14:52:07,af663346,7,3.4,0.0043,0.6705,0.777,0.3672,0.0654,0.0149,POSTURA NEUTRA,NEUTRO
2026-06-21T14:52:08,af663346,7,0.37,0.0034,0.5361,0.6646,0.3657,0.0327,0.0136,POSTURA NEUTRA,NEUTRO
2026-06-21T14:52:08,af663346,7,0.05,0.0022,0.6161,0.7618,0.3803,0.005,0.0027,POSTURA APERTA,SERENO
2026-06-21T14:52:09,af663346,7,0.83,0.0011,0.69,0.7852,0.3819,0.0092,0.0073,POSTURA APERTA,SERENO
2026-06-21T14:52:09,af663346,7,0.38,0.0013,0.7956,0.8479,0.3822,0.014,0.012,POSTURA APERTA,SERENO
2026-06-21T14:52:10,af663346,7,11.38,0.0006,0.697,0.8054,0.3823,0.0164,0.0113,POSTURA APERTA,SERENO
2026-06-21T14:52:11,af663346,7,2.71,0.0019,0.8632,0.9369,0.38,0.0069,0.0022,POSTURA APERTA,SERENO
2026-06-21T14:52:11,af663346,7,0.21,0.0063,0.7587,0.8662,0.3538,0.0081,0.0134,POSTURA APERTA,SERENO
2026-06-21T14:52:12,af663346,7,0.02,0.0022,0.8785,0.8291,0.3569,0.0692,0.0549,POSTURA CHIUSA,SERENO
2026-06-21T14:52:12,af663346,7,0.02,0.0014,0.8075,0.9038,0.3318,0.0669,0.0631,POSTURA CHIUSA,TESO
2026-06-21T14:52:13,af663346,7,0.29,0.0009,0.8823,0.8873,0.3676,0.0514,0.0329,POSTURA NEUTRA,TESO
2026-06-21T14:52:13,af663346,7,28.25,0.0006,0.7822,0.9227,0.3394,0.0212,0.0284,POSTURA APERTA,NEUTRO
2026-06-21T14:52:14,af663346,7,91.27,0.0053,0.726,0.8679,0.3602,0.0253,0.0402,POSTURA CHIUSA,MOLTO FELICE
2026-06-21T14:52:14,af663346,7,93.25,0.0053,0.6785,0.8161,0.3378,0.0437,0.0452,POSTURA CHIUSA,MOLTO FELICE
2026-06-21T14:52:15,af663346,7,94.69,0.0044,0.7603,0.8184,0.3389,0.0288,0.0408,POSTURA CHIUSA,MOLTO FELICE
2026-06-21T14:52:15,af663346,7,93.89,0.0035,0.6385,0.7551,0.3301,0.0284,0.0548,POSTURA CHIUSA,MOLTO FELICE
2026-06-21T14:52:16,af663346,7,90.27,0.0041,0.7906,0.882,0.3347,0.0387,0.0649,POSTURA CHIUSA,MOLTO FELICE
2026-06-21T14:52:16,af663346,7,94.13,0.0055,0.8166,0.8991,0.3526,0.0368,0.0473,POSTURA CHIUSA,MOLTO FELICE
2026-06-21T14:52:17,af663346,7,93.85,0.0067,0.7842,0.8598,0.3484,0.0205,0.0362,POSTURA CHIUSA,MOLTO FELICE
2026-06-21T14:52:18,af663346,7,3.46,0.0028,0.8208,0.9239,0.3586,0.0199,0.0297,POSTURA APERTA,MOLTO FELICE
2026-06-21T14:52:18,af663346,7,4.4,0.0013,0.8494,0.9396,0.4065,0.0116,0.0146,POSTURA APERTA,SERENO
2026-06-21T14:52:19,af663346,7,1.68,0.0009,0.8947,0.9355,0.4266,0.0324,0.0034,POSTURA NEUTRA,SERENO
2026-06-21T14:52:19,af663346,7,0.76,0.001,0.9263,0.9451,0.4281,0.0289,0.0032,POSTURA NEUTRA,NEUTRO
2026-06-21T14:52:20,af663346,7,0.44,0.0012,0.9243,0.9467,0.4384,0.0111,0.0072,POSTURA APERTA,NEUTRO
2026-06-21T14:52:20,af663346,7,0.17,0.0014,0.9214,0.9347,0.4526,0.0061,0.0059,POSTURA APERTA,SERENO
2026-06-21T14:52:21,af663346,7,0.08,0.0018,0.9305,0.95,0.4536,0.013,0.008,POSTURA APERTA,SERENO
2026-06-21T14:52:21,af663346,7,0.06,0.0016,0.9195,0.9368,0.4503,0.0158,0.0083,POSTURA APERTA,SERENO
2026-06-21T14:52:22,af663346,7,0.04,0.0013,0.8806,0.9094,0.4421,0.0045,0.0076,POSTURA APERTA,SERENO
2026-06-21T14:52:22,af663346,7,0.04,0.0013,0.8781,0.9236,0.4399,0.0082,0.0022,POSTURA APERTA,SERENO
2026-06-21T14:52:23,af663346,7,0.04,0.0017,0.8851,0.915,0.4366,0.0138,0.0035,POSTURA APERTA,SERENO
2026-06-21T14:52:23,af663346,7,0.02,0.0023,0.8964,0.929,0.4376,0.0164,0.0054,POSTURA APERTA,SERENO
2026-06-21T14:52:24,af663346,7,0.02,0.0022,0.5893,0.6572,0.4381,0.0147,0.0036,POSTURA APERTA,SERENO
2026-06-21T14:52:24,af663346,7,0.77,0.0018,0.8531,0.8895,0.4384,0.0116,0.0072,POSTURA APERTA,SERENO
2026-06-21T14:52:25,af663346,7,1.11,0.0013,0.8981,0.9283,0.4399,0.0091,0.007,POSTURA APERTA,SERENO
2026-06-21T14:52:25,af663346,7,0.26,0.0018,0.9124,0.9375,0.4403,0.0091,0.0057,POSTURA APERTA,SERENO
2026-06-21T14:52:26,af663346,7,0.2,0.0019,0.9124,0.9394,0.4443,0.0051,0.0059,POSTURA APERTA,SERENO
2026-06-21T14:52:27,af663346,7,0.22,0.0018,0.9019,0.9369,0.4417,0.0123,0.0046,POSTURA APERTA,SERENO
2026-06-21T14:52:27,af663346,7,0.18,0.0018,0.9033,0.9361,0.4407,0.0083,0.0063,POSTURA APERTA,SERENO
2026-06-21T14:52:28,af663346,7,0.14,0.002,0.9043,0.9381,0.4386,0.0084,0.0046,POSTURA APERTA,SERENO
2026-06-21T14:52:28,af663346,7,0.08,0.0022,0.9141,0.9419,0.4398,0.012,0.0068,POSTURA APERTA,SERENO
2026-06-21T14:52:29,af663346,7,0.1,0.0022,0.9179,0.9418,0.442,0.011,0.0077,POSTURA APERTA,SERENO
2026-06-21T14:52:29,af663346,7,0.04,0.0028,0.9282,0.9422,0.441,0.0147,0.0056,POSTURA APERTA,SERENO
2026-06-21T14:52:30,af663346,7,0.03,0.0027,0.9165,0.9314,0.4398,0.0154,0.0052,POSTURA APERTA,SERENO
2026-06-21T14:52:30,af663346,7,0.05,0.0023,0.9016,0.907,0.4379,0.0119,0.0019,POSTURA APERTA,SERENO
2026-06-21T14:52:31,af663346,7,0.05,0.0021,0.9131,0.926,0.447,0.0086,0.0073,POSTURA APERTA,SERENO
2026-06-21T14:52:31,af663346,7,0.37,0.0008,0.7911,0.8936,0.4241,0.0543,0.0218,POSTURA NEUTRA,SERENO
2026-06-21T14:52:32,af663346,7,0.43,0.0005,0.8111,0.8583,0.3595,0.0539,0.0409,POSTURA CHIUSA,TESO
2026-06-21T14:52:32,af663346,7,57.9,0.0003,0.754,0.8547,0.313,0.0169,0.0417,POSTURA CHIUSA,TESO
2026-06-21T14:52:33,af663346,7,91.13,0.0004,0.7058,0.8396,0.3327,0.0323,0.0363,POSTURA CHIUSA,MOLTO FELICE
2026-06-21T14:52:33,af663346,7,90.53,0.0003,0.6462,0.8607,0.3154,0.0393,0.0538,POSTURA CHIUSA,MOLTO FELICE
2026-06-21T14:52:34,af663346,7,90.77,0.0003,0.6772,0.84,0.2987,0.04,0.0601,POSTURA CHIUSA,MOLTO FELICE
2026-06-21T14:52:35,af663346,7,91.02,0.0001,0.7261,0.8553,0.299,0.0332,0.0737,POSTURA CHIUSA,MOLTO FELICE
2026-06-21T14:52:35,af663346,7,87.97,0.0002,0.7215,0.8691,0.2945,0.0313,0.0741,POSTURA CHIUSA,MOLTO FELICE
2026-06-21T14:52:36,af663346,7,85.44,0.0001,0.6575,0.8738,0.3174,0.0264,0.0465,POSTURA CHIUSA,MOLTO FELICE
2026-06-21T14:52:36,af663346,7,89.16,0.0002,0.7065,0.8473,0.3345,0.0325,0.0372,POSTURA CHIUSA,MOLTO FELICE
2026-06-21T14:52:37,af663346,7,86.95,0.0002,0.7342,0.8665,0.3368,0.0402,0.0425,POSTURA CHIUSA,MOLTO FELICE
2026-06-21T14:52:37,af663346,7,87.28,0.0002,0.7584,0.8558,0.3293,0.0354,0.0391,POSTURA CHIUSA,MOLTO FELICE
2026-06-21T14:52:38,af663346,7,86.96,0.0002,0.7844,0.8561,0.3245,0.0318,0.0411,POSTURA CHIUSA,MOLTO FELICE
2026-06-21T14:52:38,af663346,7,84.57,0.0001,0.7727,0.865,0.3299,0.032,0.0461,POSTURA CHIUSA,MOLTO FELICE
2026-06-21T14:52:39,af663346,7,84.9,0.0002,0.7941,0.8703,0.3329,0.0315,0.0474,POSTURA CHIUSA,MOLTO FELICE
2026-06-21T14:52:39,af663346,7,84.27,0.0001,0.7654,0.8557,0.3432,0.0414,0.0387,POSTURA CHIUSA,MOLTO FELICE
2026-06-21T14:52:40,af663346,7,66.61,0.0001,0.7705,0.9252,0.3667,0.0452,0.0482,POSTURA CHIUSA,MOLTO FELICE
2026-06-21T14:52:40,af663346,7,1.7,0.0004,0.8386,0.931,0.3996,0.0518,0.0372,POSTURA CHIUSA,TESO
2026-06-21T14:52:41,af663346,7,0.78,0.0035,0.6608,0.7811,0.3996,0.0401,0.0257,POSTURA NEUTRA,NEUTRO
2026-06-21T14:52:41,af663346,7,71.17,0.0014,0.6128,0.777,0.3307,0.0612,0.0061,POSTURA NEUTRA,NEUTRO
2026-06-21T14:52:42,af663346,7,42.86,0.0007,0.7057,0.8635,0.3283,0.0334,0.0201,POSTURA NEUTRA,NEUTRO
2026-06-21T14:52:43,af663346,7,88.55,0.0002,0.6156,0.8547,0.3693,0.0077,0.0202,POSTURA APERTA,MOLTO FELICE
2026-06-21T14:52:43,af663346,7,87.08,0.0002,0.6248,0.7778,0.3744,0.0135,0.021,POSTURA APERTA,MOLTO FELICE
2026-06-21T14:52:44,af663346,7,91.88,0.0002,0.561,0.7448,0.3746,0.0135,0.0235,POSTURA APERTA,MOLTO FELICE
2026-06-21T14:52:44,af663346,7,88.53,0.0001,0.551,0.7571,0.3763,0.0175,0.026,POSTURA APERTA,MOLTO FELICE
2026-06-21T14:52:45,af663346,7,24.44,0.0005,0.6024,0.8104,0.3831,0.0229,0.0277,POSTURA APERTA,MOLTO FELICE
2026-06-21T14:52:45,af663346,7,2.83,0.0006,0.7108,0.8922,0.4036,0.0121,0.0108,POSTURA APERTA,SERENO
2026-06-21T14:52:46,af663346,7,2.3,0.0005,0.7944,0.9002,0.4335,0.0551,0.0037,POSTURA NEUTRA,NEUTRO
2026-06-21T14:52:46,af663346,7,1.47,0.0008,0.872,0.9338,0.4364,0.0612,0.002,POSTURA NEUTRA,NEUTRO
2026-06-21T14:52:47,af663346,7,0.99,0.0044,0.8837,0.9455,0.4433,0.0777,0.0089,POSTURA NEUTRA,NEUTRO
2026-06-21T14:52:47,af663346,7,12.18,0.0125,0.86,0.9282,0.4486,0.063,0.0059,POSTURA NEUTRA,NEUTRO
2026-06-21T14:52:48,af663346,7,4.72,0.013,0.8978,0.9352,0.4476,0.0676,0.0095,POSTURA NEUTRA,NEUTRO
2026-06-21T14:52:49,af663346,7,5.21,0.0161,0.7478,0.7915,0.4503,0.0647,0.0081,POSTURA NEUTRA,NEUTRO
2026-06-21T14:52:49,af663346,7,2.82,0.0216,0.8952,0.9165,0.4561,0.0591,0.0069,POSTURA NEUTRA,NEUTRO
2026-06-21T14:52:50,af663346,7,2.89,0.018,0.9215,0.9395,0.4591,0.0674,0.0076,POSTURA NEUTRA,NEUTRO
2026-06-21T14:52:50,af663346,7,3.39,0.0145,0.9262,0.9399,0.4607,0.073,0.0098,POSTURA NEUTRA,NEUTRO
2026-06-21T14:52:51,af663346,7,2.74,0.0125,0.9256,0.9347,0.4674,0.065,0.0089,POSTURA NEUTRA,NEUTRO
2026-06-21T14:52:51,af663346,7,1.64,0.0092,0.9049,0.9495,0.4557,0.0667,0.0088,POSTURA NEUTRA,NEUTRO
2026-06-21T14:52:52,af663346,7,0.81,0.0091,0.9241,0.9725,0.448,0.067,0.0074,POSTURA NEUTRA,NEUTRO
2026-06-21T14:52:52,af663346,7,1.01,0.0105,0.9284,0.9731,0.4572,0.066,0.006,POSTURA NEUTRA,NEUTRO
2026-06-21T14:52:53,af663346,7,2.19,0.0129,0.9261,0.9681,0.4568,0.0674,0.004,POSTURA NEUTRA,NEUTRO
2026-06-21T14:52:53,af663346,7,1.67,0.0149,0.9081,0.939,0.455,0.0798,0.0122,POSTURA NEUTRA,NEUTRO
2026-06-21T14:52:54,af663346,7,2.17,0.0127,0.8947,0.9258,0.4568,0.072,0.0095,POSTURA NEUTRA,NEUTRO
2026-06-21T14:52:54,af663346,7,18.99,0.0123,0.8928,0.9299,0.4524,0.07,0.0032,POSTURA NEUTRA,NEUTRO
2026-06-21T14:52:55,af663346,7,7.75,0.0117,0.8979,0.9337,0.455,0.0738,0.0085,POSTURA NEUTRA,NEUTRO
2026-06-21T14:52:56,af663346,7,6.09,0.0114,0.8976,0.9411,0.4559,0.0665,0.0095,POSTURA NEUTRA,NEUTRO
2026-06-21T14:52:56,af663346,7,3.95,0.0112,0.8997,0.9433,0.4539,0.076,0.0128,POSTURA NEUTRA,NEUTRO
2026-06-21T14:52:57,af663346,7,2.97,0.0108,0.9,0.9381,0.4588,0.0805,0.0125,POSTURA NEUTRA,NEUTRO
2026-06-21T14:52:57,af663346,7,1.49,0.0112,0.8941,0.931,0.4592,0.0782,0.014,POSTURA NEUTRA,NEUTRO
2026-06-21T14:52:58,af663346,7,1.08,0.0127,0.8972,0.9333,0.4578,0.0694,0.0123,POSTURA NEUTRA,NEUTRO
2026-06-21T14:52:58,af663346,7,0.61,0.0142,0.9077,0.9413,0.4571,0.0705,0.0088,POSTURA NEUTRA,NEUTRO
2026-06-21T14:52:59,af663346,7,0.67,0.0118,0.9113,0.953,0.4614,0.0882,0.0126,POSTURA NEUTRA,NEUTRO
2026-06-21T14:52:59,af663346,7,1.0,0.0097,0.9096,0.9684,0.4627,0.0674,0.0057,POSTURA NEUTRA,NEUTRO
2026-06-21T14:53:00,af663346,7,1.07,0.0029,0.789,0.878,0.4338,0.0241,0.006,POSTURA APERTA,NEUTRO
2026-06-21T14:53:00,af663346,7,1.64,0.0049,0.8786,0.9511,0.3967,0.0232,0.0049,POSTURA APERTA,SERENO
2026-06-21T14:53:01,af663346,7,11.2,0.0017,0.9261,0.9662,0.3958,0.005,0.0053,POSTURA APERTA,SERENO
2026-06-21T14:53:01,af663346,7,6.05,0.0011,0.9254,0.9673,0.3949,0.0049,0.0046,POSTURA APERTA,SERENO
2026-06-21T14:53:02,af663346,7,0.66,0.0015,0.9424,0.9804,0.3957,0.009,0.0029,POSTURA APERTA,SERENO
2026-06-21T14:53:02,af663346,7,0.21,0.0021,0.949,0.9794,0.4098,0.0241,0.0043,POSTURA APERTA,SERENO
2026-06-21T14:53:03,af663346,7,0.08,0.0021,0.9376,0.9691,0.4084,0.028,0.0074,POSTURA NEUTRA,NEUTRO
2026-06-21T14:53:03,af663346,7,0.1,0.0027,0.8988,0.9195,0.4052,0.0304,0.0126,POSTURA NEUTRA,NEUTRO
2026-06-21T14:53:04,af663346,7,0.23,0.0023,0.8239,0.8447,0.4133,0.0438,0.017,POSTURA NEUTRA,NEUTRO
2026-06-21T14:54:02,b8ecf4ce,7,0.0,0.0113,0.9444,0.9216,0.5114,0.0158,0.0165,POSTURA APERTA,NEUTRO
2026-06-21T14:54:03,b8ecf4ce,7,0.0,0.0115,0.9277,0.9454,0.4801,0.0133,0.0175,POSTURA APERTA,NEUTRO
2026-06-21T14:54:04,b8ecf4ce,7,0.09,0.0107,0.7498,0.7288,0.4401,0.0113,0.0239,POSTURA APERTA,SERENO
2026-06-21T14:54:04,b8ecf4ce,7,4.61,0.0036,0.7823,0.8125,0.4097,0.0135,0.0208,POSTURA APERTA,SERENO
2026-06-21T14:54:05,b8ecf4ce,7,9.09,0.0063,0.8592,0.809,0.4135,0.0231,0.0189,POSTURA APERTA,SERENO
2026-06-21T14:54:06,b8ecf4ce,7,0.24,0.0045,0.7381,0.6311,0.4363,0.0201,0.0049,POSTURA APERTA,NEUTRO
2026-06-21T14:54:06,b8ecf4ce,7,3.32,0.001,0.5778,0.5768,0.414,0.0392,0.0377,POSTURA CHIUSA,NEUTRO
2026-06-21T14:54:07,b8ecf4ce,7,24.6,0.0004,0.6744,0.6769,0.3729,0.0224,0.0475,POSTURA CHIUSA,TESO
2026-06-21T14:54:07,b8ecf4ce,7,0.48,0.0026,0.6559,0.7278,0.3615,0.0263,0.0484,POSTURA CHIUSA,TESO
2026-06-21T14:54:08,b8ecf4ce,7,0.15,0.0013,0.6784,0.6676,0.3218,0.0419,0.0565,POSTURA CHIUSA,TESO
2026-06-21T14:54:09,b8ecf4ce,7,70.4,0.0004,0.7063,0.6707,0.3147,0.0484,0.0641,POSTURA CHIUSA,TESO
2026-06-21T14:54:09,b8ecf4ce,7,33.86,0.0001,0.509,0.6298,0.3424,0.0181,0.0318,POSTURA NEUTRA,MOLTO FELICE
2026-06-21T14:54:10,b8ecf4ce,7,77.75,0.001,0.5171,0.6987,0.3378,0.0126,0.0184,POSTURA APERTA,MOLTO FELICE
2026-06-21T14:54:10,b8ecf4ce,7,36.17,0.0017,0.5747,0.6647,0.3466,0.0102,0.0137,POSTURA APERTA,MOLTO FELICE
2026-06-21T14:54:11,b8ecf4ce,7,0.5,0.0022,0.5711,0.6049,0.3185,0.0113,0.016,POSTURA APERTA,SERENO
2026-06-21T14:54:11,b8ecf4ce,7,0.09,0.0033,0.557,0.6238,0.2991,0.0177,0.0208,POSTURA APERTA,SERENO
2026-06-21T14:54:12,b8ecf4ce,7,7.65,0.0012,0.5767,0.6331,0.2897,0.0225,0.0226,POSTURA APERTA,SERENO
2026-06-21T14:54:12,b8ecf4ce,7,73.81,0.0005,0.5176,0.662,0.3057,0.0445,0.0328,POSTURA NEUTRA,SERENO
2026-06-21T14:54:13,b8ecf4ce,7,76.93,0.0021,0.5471,0.6208,0.3504,0.0325,0.0298,POSTURA NEUTRA,MOLTO FELICE
2026-06-21T14:54:14,b8ecf4ce,7,71.42,0.0027,0.5306,0.643,0.3787,0.0356,0.0301,POSTURA NEUTRA,MOLTO FELICE
2026-06-21T14:54:14,b8ecf4ce,7,75.03,0.0024,0.5986,0.6579,0.3751,0.0292,0.032,POSTURA NEUTRA,MOLTO FELICE
2026-06-21T14:54:15,b8ecf4ce,7,65.34,0.0028,0.6351,0.7003,0.3755,0.0476,0.0316,POSTURA NEUTRA,MOLTO FELICE
2026-06-21T14:54:15,b8ecf4ce,7,64.22,0.0039,0.6577,0.7292,0.3695,0.0423,0.0327,POSTURA NEUTRA,FELICE
2026-06-21T14:54:16,b8ecf4ce,7,67.45,0.0033,0.5706,0.6475,0.364,0.0235,0.0335,POSTURA NEUTRA,FELICE
2026-06-21T14:54:16,b8ecf4ce,7,15.67,0.001,0.6846,0.74,0.4143,0.0351,0.0283,POSTURA NEUTRA,NEUTRO
2026-06-21T14:54:17,b8ecf4ce,7,7.45,0.0007,0.6951,0.7788,0.4224,0.0147,0.0155,POSTURA APERTA,NEUTRO
2026-06-21T14:54:17,b8ecf4ce,7,9.85,0.0011,0.7339,0.7816,0.4732,0.0172,0.0094,POSTURA APERTA,SERENO
2026-06-21T14:54:18,b8ecf4ce,7,3.5,0.002,0.8097,0.8402,0.4917,0.0208,0.0191,POSTURA APERTA,SERENO
2026-06-21T14:54:18,b8ecf4ce,7,2.22,0.0017,0.8251,0.8616,0.5453,0.0256,0.0151,POSTURA NEUTRA,SERENO
2026-06-21T14:54:19,b8ecf4ce,7,1.18,0.0012,0.8231,0.8816,0.5019,0.0288,0.0432,POSTURA CHIUSA,SERENO
2026-06-21T14:54:19,b8ecf4ce,7,0.63,0.0015,0.733,0.8399,0.5297,0.0109,0.0117,POSTURA APERTA,SERENO
2026-06-21T14:54:20,b8ecf4ce,7,0.64,0.0013,0.7312,0.8249,0.6171,0.0498,0.0174,POSTURA NEUTRA,NEUTRO
2026-06-21T14:54:21,b8ecf4ce,7,0.41,0.0014,0.7816,0.8667,0.6153,0.0335,0.008,POSTURA NEUTRA,NEUTRO
2026-06-21T14:54:21,b8ecf4ce,7,0.96,0.0015,0.8222,0.8867,0.6033,0.0244,0.0053,POSTURA APERTA,NEUTRO
2026-06-21T14:54:22,b8ecf4ce,7,0.58,0.0019,0.8247,0.9061,0.5952,0.0396,0.0071,POSTURA NEUTRA,NEUTRO
2026-06-21T14:54:22,b8ecf4ce,7,0.29,0.0032,0.6511,0.8149,0.5121,0.0228,0.0298,POSTURA APERTA,NEUTRO
2026-06-21T14:54:23,b8ecf4ce,7,0.56,0.0036,0.6973,0.8445,0.5103,0.0085,0.0395,POSTURA CHIUSA,TESO
2026-06-21T14:54:23,b8ecf4ce,7,0.38,0.0041,0.774,0.8848,0.5142,0.0128,0.0452,POSTURA CHIUSA,TESO
2026-06-21T14:54:24,b8ecf4ce,7,0.24,0.0043,0.8432,0.9212,0.5279,0.0081,0.042,POSTURA CHIUSA,TESO
2026-06-21T14:54:24,b8ecf4ce,7,0.11,0.0042,0.8716,0.9426,0.4902,0.0041,0.0316,POSTURA NEUTRA,TESO
2026-06-21T14:54:25,b8ecf4ce,7,0.04,0.0066,0.8938,0.9453,0.5055,0.0044,0.0323,POSTURA NEUTRA,TESO
2026-06-21T14:54:25,b8ecf4ce,7,0.04,0.0176,0.9211,0.9591,0.5149,0.0053,0.0319,POSTURA NEUTRA,NEUTRO
2026-06-21T14:54:26,b8ecf4ce,7,0.06,0.007,0.9156,0.9403,0.5058,0.0138,0.0324,POSTURA NEUTRA,NEUTRO
2026-06-21T14:54:26,b8ecf4ce,7,0.27,0.0058,0.8465,0.8944,0.5017,0.0033,0.03,POSTURA APERTA,NEUTRO
2026-06-21T14:54:27,b8ecf4ce,7,2.83,0.0097,0.8963,0.9134,0.4889,0.002,0.0276,POSTURA APERTA,SERENO
2026-06-21T14:54:28,b8ecf4ce,7,0.32,0.0183,0.6864,0.6033,0.4771,0.0141,0.0096,POSTURA APERTA,SERENO
2026-06-21T14:54:28,b8ecf4ce,7,0.09,0.0101,0.9582,0.9557,0.5268,0.0259,0.0193,POSTURA NEUTRA,SERENO
2026-06-21T14:54:29,b8ecf4ce,7,0.05,0.0059,0.9623,0.9692,0.5315,0.0256,0.0088,POSTURA NEUTRA,NEUTRO
2026-06-21T14:54:29,b8ecf4ce,7,0.01,0.0074,0.964,0.9813,0.5629,0.0177,0.0105,POSTURA APERTA,NEUTRO
2026-06-21T14:54:30,b8ecf4ce,7,0.0,0.011,0.9739,0.9877,0.6035,0.0166,0.0083,POSTURA APERTA,SERENO
2026-06-21T14:54:30,b8ecf4ce,7,0.01,0.0088,0.9649,0.982,0.5923,0.0127,0.0139,POSTURA APERTA,SERENO
2026-06-21T14:54:31,b8ecf4ce,7,0.01,0.0077,0.9652,0.9783,0.6076,0.0179,0.0139,POSTURA APERTA,SERENO
2026-06-21T14:54:31,b8ecf4ce,7,0.01,0.009,0.9791,0.9827,0.6101,0.0428,0.0093,POSTURA NEUTRA,SERENO
2026-06-21T14:54:32,b8ecf4ce,7,0.01,0.0082,0.9813,0.9856,0.6049,0.0197,0.017,POSTURA APERTA,NEUTRO
2026-06-21T14:54:32,b8ecf4ce,7,6.12,0.0055,0.9875,0.9886,0.5787,0.0493,0.0194,POSTURA NEUTRA,SERENO
2026-06-21T14:54:33,b8ecf4ce,7,6.49,0.0051,0.9863,0.9915,0.5753,0.0627,0.0077,POSTURA NEUTRA,NEUTRO
2026-06-21T14:54:34,b8ecf4ce,7,1.26,0.0087,0.9887,0.9894,0.585,0.0573,0.0207,POSTURA NEUTRA,NEUTRO
2026-06-21T14:54:34,b8ecf4ce,7,2.74,0.0135,0.9862,0.9936,0.5692,0.054,0.0273,POSTURA NEUTRA,NEUTRO
2026-06-21T14:54:35,b8ecf4ce,7,6.29,0.0067,0.9661,0.9653,0.5602,0.0598,0.0219,POSTURA NEUTRA,NEUTRO
2026-06-21T14:54:35,b8ecf4ce,7,0.71,0.0058,0.9056,0.941,0.579,0.0278,0.0196,POSTURA NEUTRA,NEUTRO
2026-06-21T14:54:36,b8ecf4ce,7,2.38,0.0054,0.9803,0.9826,0.5652,0.0776,0.0466,POSTURA CHIUSA,NEUTRO
2026-06-21T14:54:36,b8ecf4ce,7,0.17,0.0053,0.832,0.7977,0.553,0.0777,0.0375,POSTURA CHIUSA,TESO
2026-06-21T14:54:37,b8ecf4ce,7,5.26,0.0007,0.6056,0.4743,0.2517,0.0571,0.018,POSTURA NEUTRA,TESO
2026-06-21T14:54:38,b8ecf4ce,7,0.96,0.0032,0.6438,0.606,0.4885,0.0304,0.0442,POSTURA CHIUSA,TESO
2026-06-21T14:54:39,b8ecf4ce,7,0.13,0.0045,0.6569,0.5734,0.5252,0.0409,0.0175,POSTURA NEUTRA,TESO
2026-06-21T14:54:39,b8ecf4ce,7,0.01,0.008,0.8009,0.7518,0.5348,0.0557,0.019,POSTURA NEUTRA,NEUTRO
2026-06-21T14:54:40,b8ecf4ce,7,0.02,0.0078,0.9499,0.9607,0.5246,0.0436,0.04,POSTURA CHIUSA,NEUTRO
2026-06-21T14:54:40,b8ecf4ce,7,0.03,0.0075,0.7031,0.7507,0.5159,0.0198,0.0315,POSTURA NEUTRA,TESO
2026-06-21T14:54:41,b8ecf4ce,7,0.02,0.0105,0.6616,0.6665,0.5179,0.0436,0.0324,POSTURA NEUTRA,NEUTRO
2026-06-21T14:54:41,b8ecf4ce,7,0.04,0.0077,0.9649,0.9704,0.4866,0.0132,0.0391,POSTURA CHIUSA,NEUTRO
2026-06-21T14:54:42,b8ecf4ce,7,0.03,0.0098,0.6789,0.6322,0.4829,0.0268,0.0296,POSTURA NEUTRA,NEUTRO
2026-06-21T14:54:42,b8ecf4ce,7,0.02,0.0093,0.972,0.9648,0.5083,0.0111,0.0329,POSTURA NEUTRA,NEUTRO
2026-06-21T14:54:43,b8ecf4ce,7,0.01,0.0096,0.985,0.9837,0.5078,0.0145,0.0303,POSTURA NEUTRA,NEUTRO
2026-06-21T14:54:44,b8ecf4ce,7,0.0,0.015,0.9886,0.9736,0.5245,0.0539,0.0094,POSTURA NEUTRA,NEUTRO
2026-06-21T14:54:44,b8ecf4ce,7,0.01,0.0101,0.9875,0.9879,0.5338,0.0759,0.0366,POSTURA CHIUSA,NEUTRO
2026-06-21T14:54:45,b8ecf4ce,7,0.01,0.0115,0.9867,0.9894,0.5207,0.0543,0.0322,POSTURA NEUTRA,TESO
2026-06-21T14:54:45,b8ecf4ce,7,0.0,0.0079,0.9709,0.9845,0.5366,0.0441,0.0131,POSTURA NEUTRA,NEUTRO
2026-06-21T14:54:46,b8ecf4ce,7,0.0,0.0134,0.986,0.9834,0.5677,0.0287,0.0059,POSTURA NEUTRA,NEUTRO
2026-06-21T14:54:46,b8ecf4ce,7,0.0,0.0101,0.988,0.9915,0.5746,0.0344,0.0222,POSTURA NEUTRA,NEUTRO
2026-06-21T14:54:47,b8ecf4ce,7,0.0,0.0085,0.9892,0.9914,0.5393,0.0791,0.0417,POSTURA CHIUSA,NEUTRO
2026-06-21T14:54:47,b8ecf4ce,7,0.0,0.0133,0.9893,0.9927,0.5341,0.0729,0.049,POSTURA CHIUSA,TESO
2026-06-21T14:54:48,b8ecf4ce,7,0.0,0.0145,0.9904,0.9943,0.5601,0.06,0.0102,POSTURA NEUTRA,NEUTRO
2026-06-21T14:54:49,b8ecf4ce,7,0.0,0.0097,0.9893,0.9904,0.5703,0.0097,0.0178,POSTURA APERTA,NEUTRO
2026-06-21T14:54:49,b8ecf4ce,7,0.0,0.0106,0.9901,0.9918,0.5681,0.0681,0.0341,POSTURA NEUTRA,NEUTRO
2026-06-21T14:54:50,b8ecf4ce,7,0.0,0.0104,0.9888,0.9904,0.5626,0.0803,0.0321,POSTURA NEUTRA,NEUTRO
2026-06-21T14:54:50,b8ecf4ce,7,0.0,0.0128,0.9835,0.9887,0.5703,0.0328,0.0327,POSTURA NEUTRA,NEUTRO
2026-06-21T14:54:51,b8ecf4ce,7,0.0,0.0106,0.9865,0.988,0.5883,0.0258,0.0221,POSTURA NEUTRA,NEUTRO
2026-06-21T14:54:51,b8ecf4ce,7,0.0,0.0092,0.987,0.9886,0.5824,0.0346,0.0067,POSTURA NEUTRA,NEUTRO
2026-06-21T14:54:52,b8ecf4ce,7,0.0,0.0094,0.9845,0.9886,0.6003,0.0475,0.0104,POSTURA NEUTRA,NEUTRO
2026-06-21T14:54:52,b8ecf4ce,7,0.0,0.01,0.9805,0.9877,0.6102,0.0494,0.0064,POSTURA NEUTRA,NEUTRO
2026-06-21T14:54:53,b8ecf4ce,7,0.0,0.0119,0.9864,0.9904,0.5893,0.0202,0.013,POSTURA APERTA,NEUTRO
2026-06-21T14:54:53,b8ecf4ce,7,0.0,0.0123,0.9836,0.9899,0.5966,0.0261,0.0062,POSTURA NEUTRA,SERENO
2026-06-21T14:54:54,b8ecf4ce,7,0.0,0.0099,0.9833,0.9857,0.6023,0.0359,0.0053,POSTURA NEUTRA,NEUTRO
2026-06-21T14:54:55,b8ecf4ce,7,0.0,0.0103,0.9862,0.9859,0.6097,0.0483,0.0179,POSTURA NEUTRA,NEUTRO
2026-06-21T14:54:55,b8ecf4ce,7,0.0,0.0086,0.9819,0.9827,0.5895,0.0447,0.0094,POSTURA NEUTRA,NEUTRO
2026-06-21T14:54:56,b8ecf4ce,7,0.0,0.0107,0.9775,0.9783,0.6048,0.0471,0.0175,POSTURA NEUTRA,NEUTRO
2026-06-21T14:54:56,b8ecf4ce,7,0.0,0.0106,0.9826,0.9821,0.5768,0.062,0.0237,POSTURA NEUTRA,NEUTRO
2026-06-21T14:54:57,b8ecf4ce,7,0.0,0.0169,0.9839,0.9818,0.5853,0.0634,0.0179,POSTURA NEUTRA,NEUTRO
2026-06-21T14:54:57,b8ecf4ce,7,0.0,0.0116,0.9776,0.9818,0.5923,0.0188,0.0057,POSTURA APERTA,NEUTRO
2026-06-21T14:54:58,b8ecf4ce,7,0.0,0.0128,0.9855,0.984,0.6015,0.0355,0.0069,POSTURA NEUTRA,SERENO
2026-06-21T14:54:58,b8ecf4ce,7,0.0,0.0102,0.9886,0.982,0.6009,0.0277,0.0047,POSTURA NEUTRA,SERENO
2026-06-21T14:54:59,b8ecf4ce,7,0.0,0.0135,0.9852,0.9824,0.619,0.038,0.0131,POSTURA NEUTRA,NEUTRO
2026-06-21T14:54:59,b8ecf4ce,7,0.0,0.018,0.9806,0.9702,0.5849,0.0282,0.0172,POSTURA NEUTRA,NEUTRO
2026-06-21T14:55:00,b8ecf4ce,7,0.0,0.0136,0.9568,0.9414,0.5911,0.0304,0.007,POSTURA NEUTRA,NEUTRO
2026-06-21T14:55:01,b8ecf4ce,7,0.0,0.0151,0.972,0.9627,0.5988,0.0214,0.0072,POSTURA APERTA,SERENO
2026-06-21T14:55:01,b8ecf4ce,7,0.0,0.018,0.9821,0.9837,0.6098,0.0096,0.0077,POSTURA APERTA,SERENO
2026-06-21T14:55:02,b8ecf4ce,7,0.0,0.0151,0.9866,0.9873,0.6022,0.033,0.0097,POSTURA NEUTRA,SERENO
2026-06-21T14:55:02,b8ecf4ce,7,0.0,0.0255,0.7721,0.8037,0.606,0.0238,0.01,POSTURA APERTA,NEUTRO
2026-06-21T14:55:03,b8ecf4ce,7,0.0,0.0293,0.8947,0.8939,0.622,0.0136,0.0066,POSTURA APERTA,SERENO
2026-06-21T14:55:03,b8ecf4ce,7,0.0,0.0227,0.9698,0.9569,0.6349,0.0205,0.0058,POSTURA APERTA,SERENO
2026-06-21T14:55:04,b8ecf4ce,7,0.0,0.0229,0.9796,0.9572,0.6246,0.0218,0.0071,POSTURA APERTA,NEUTRO
2026-06-21T14:55:05,b8ecf4ce,7,0.0,0.0152,0.974,0.9538,0.6012,0.0224,0.0048,POSTURA APERTA,SERENO
2026-06-21T14:55:05,b8ecf4ce,7,0.0,0.0274,0.8063,0.6599,0.5979,0.0156,0.0117,POSTURA APERTA,SERENO
2026-06-21T14:55:06,b8ecf4ce,7,0.0,0.0202,0.7459,0.6209,0.6148,0.0051,0.0157,POSTURA APERTA,SERENO
2026-06-21T14:55:06,b8ecf4ce,7,0.0,0.0173,0.9271,0.8818,0.6229,0.0189,0.0055,POSTURA APERTA,SERENO
2026-06-21T14:55:07,b8ecf4ce,7,0.0,0.02,0.9713,0.9459,0.6127,0.0149,0.0043,POSTURA APERTA,SERENO
2026-06-21T14:55:07,b8ecf4ce,7,0.0,0.0282,0.8214,0.7116,0.6162,0.03,0.0056,POSTURA NEUTRA,SERENO
2026-06-21T14:55:08,b8ecf4ce,7,0.0,0.0315,0.8138,0.7921,0.6065,0.0198,0.0121,POSTURA APERTA,NEUTRO
2026-06-21T14:55:08,b8ecf4ce,7,0.0,0.0191,0.9593,0.9375,0.6025,0.0268,0.0077,POSTURA NEUTRA,SERENO
2026-06-21T14:55:09,b8ecf4ce,7,0.0,0.0137,0.9061,0.902,0.6117,0.0293,0.0044,POSTURA NEUTRA,NEUTRO
2026-06-21T14:55:09,b8ecf4ce,7,0.0,0.0208,0.8743,0.874,0.6133,0.0302,0.0025,POSTURA NEUTRA,NEUTRO
2026-06-21T14:55:10,b8ecf4ce,7,0.0,0.0189,0.836,0.8078,0.6297,0.0307,0.0061,POSTURA NEUTRA,NEUTRO
2026-06-21T14:55:11,b8ecf4ce,7,0.0,0.0178,0.7348,0.7246,0.6007,0.0824,0.019,POSTURA NEUTRA,NEUTRO
2026-06-21T14:55:11,b8ecf4ce,7,0.0,0.0114,0.6217,0.5761,0.612,0.0378,0.0112,POSTURA NEUTRA,NEUTRO
2026-06-21T14:55:12,b8ecf4ce,7,0.0,0.0153,0.8936,0.8596,0.6205,0.0351,0.0085,POSTURA NEUTRA,NEUTRO
2026-06-21T14:55:12,b8ecf4ce,7,0.0,0.0163,0.9701,0.9362,0.6246,0.0344,0.0047,POSTURA NEUTRA,NEUTRO
2026-06-21T14:55:13,b8ecf4ce,7,0.0,0.0117,0.7986,0.7342,0.6177,0.0349,0.0063,POSTURA NEUTRA,NEUTRO
2026-06-21T14:55:13,b8ecf4ce,7,0.0,0.0176,0.947,0.9339,0.6161,0.0218,0.0101,POSTURA APERTA,NEUTRO
2026-06-21T14:55:14,b8ecf4ce,7,0.0,0.0171,0.967,0.9555,0.6124,0.0206,0.0084,POSTURA APERTA,SERENO
2026-06-21T14:55:14,b8ecf4ce,7,0.0,0.0171,0.9721,0.9548,0.6091,0.0184,0.012,POSTURA APERTA,SERENO
2026-06-21T14:55:15,b8ecf4ce,7,0.0,0.0106,0.9751,0.9467,0.6189,0.037,0.0096,POSTURA NEUTRA,NEUTRO
2026-06-21T14:55:16,b8ecf4ce,7,0.0,0.011,0.9622,0.9015,0.6027,0.0786,0.0292,POSTURA NEUTRA,NEUTRO
2026-06-21T14:55:16,b8ecf4ce,7,0.0,0.0148,0.962,0.9568,0.5807,0.1712,0.0821,POSTURA CHIUSA,TESO
2026-06-21T14:55:17,b8ecf4ce,7,0.0,0.0094,0.9598,0.9591,0.5342,0.179,0.0852,POSTURA CHIUSA,TESO
2026-06-21T14:55:17,b8ecf4ce,7,0.0,0.0109,0.9735,0.9643,0.5237,0.1687,0.0754,POSTURA CHIUSA,TESO
2026-06-21T14:55:18,b8ecf4ce,7,0.0,0.0099,0.9762,0.9793,0.534,0.1186,0.0672,POSTURA CHIUSA,TESO
2026-06-21T14:55:18,b8ecf4ce,7,0.01,0.0171,0.9175,0.885,0.5105,0.1219,0.0571,POSTURA CHIUSA,TESO
2026-06-21T14:55:19,b8ecf4ce,7,0.03,0.0095,0.9375,0.9026,0.5187,0.0505,0.0492,POSTURA CHIUSA,TESO
2026-06-21T14:55:19,b8ecf4ce,7,0.0,0.034,0.9426,0.9406,0.5607,0.0204,0.0133,POSTURA APERTA,NEUTRO
2026-06-21T14:55:20,b8ecf4ce,7,0.0,0.0507,0.9816,0.9803,0.5871,0.026,0.009,POSTURA NEUTRA,NEUTRO
2026-06-21T14:55:20,b8ecf4ce,7,0.0,0.0512,0.9845,0.981,0.5855,0.0671,0.0079,POSTURA NEUTRA,NEUTRO
2026-06-21T14:55:21,b8ecf4ce,7,0.0,0.0541,0.9819,0.9818,0.5951,0.0143,0.0204,POSTURA APERTA,NEUTRO
2026-06-21T14:55:22,b8ecf4ce,7,0.0,0.0581,0.9854,0.9812,0.5052,0.0469,0.0197,POSTURA NEUTRA,NEUTRO
2026-06-21T14:55:22,b8ecf4ce,7,0.0,0.0499,0.9867,0.9835,0.5805,0.0232,0.0093,POSTURA APERTA,NEUTRO
2026-06-21T14:55:23,b8ecf4ce,7,0.0,0.0541,0.9868,0.9852,0.6128,0.0175,0.0334,POSTURA NEUTRA,SERENO
2026-06-21T14:55:23,b8ecf4ce,7,0.0,0.0535,0.9877,0.9845,0.5978,0.0412,0.0474,POSTURA CHIUSA,TESO
2026-06-21T14:55:24,b8ecf4ce,7,0.0,0.0526,0.9833,0.9818,0.5895,0.0187,0.0289,POSTURA APERTA,TESO
2026-06-21T14:55:24,b8ecf4ce,7,0.0,0.0634,0.9848,0.9857,0.6036,0.0172,0.0234,POSTURA APERTA,SERENO
2026-06-21T14:55:25,b8ecf4ce,7,0.0,0.0618,0.9883,0.9863,0.6124,0.025,0.0281,POSTURA NEUTRA,SERENO
2026-06-21T14:55:25,b8ecf4ce,7,0.0,0.0524,0.9401,0.9071,0.6201,0.0286,0.0324,POSTURA NEUTRA,SERENO
2026-06-21T14:55:26,b8ecf4ce,7,0.0,0.0697,0.9886,0.985,0.6101,0.0109,0.0222,POSTURA APERTA,SERENO
2026-06-21T14:55:26,b8ecf4ce,7,0.0,0.0515,0.9804,0.9721,0.6091,0.0116,0.0237,POSTURA APERTA,SERENO
2026-06-21T14:55:27,b8ecf4ce,7,0.0,0.0491,0.9737,0.9808,0.5962,0.0212,0.0303,POSTURA NEUTRA,SERENO
2026-06-21T14:55:27,b8ecf4ce,7,0.0,0.0531,0.9811,0.9804,0.604,0.0242,0.0391,POSTURA CHIUSA,SERENO
2026-06-21T14:55:28,b8ecf4ce,7,0.0,0.0643,0.9808,0.9764,0.6171,0.0043,0.0202,POSTURA APERTA,SERENO
2026-06-21T14:55:29,b8ecf4ce,7,0.0,0.0604,0.9802,0.9752,0.627,0.0206,0.0331,POSTURA NEUTRA,SERENO
2026-06-21T14:55:29,b8ecf4ce,7,0.0,0.0531,0.9809,0.9762,0.6118,0.0091,0.0236,POSTURA APERTA,NEUTRO
2026-06-21T14:55:30,b8ecf4ce,7,0.0,0.0606,0.9834,0.98,0.6042,0.0209,0.0089,POSTURA APERTA,SERENO
2026-06-21T14:55:30,b8ecf4ce,7,0.0,0.0525,0.9802,0.9736,0.618,0.0171,0.0208,POSTURA APERTA,SERENO
2026-06-21T14:55:31,b8ecf4ce,7,0.0,0.0531,0.9832,0.9765,0.6206,0.0141,0.0224,POSTURA APERTA,SERENO
2026-06-21T14:55:31,b8ecf4ce,7,0.0,0.053,0.9855,0.987,0.6083,0.0101,0.0214,POSTURA APERTA,SERENO
2026-06-21T14:55:32,b8ecf4ce,7,0.0,0.0477,0.9844,0.9765,0.6109,0.043,0.0576,POSTURA CHIUSA,SERENO
2026-06-21T14:55:32,b8ecf4ce,7,0.0,0.0564,0.99,0.9874,0.6089,0.0419,0.0367,POSTURA CHIUSA,TESO
2026-06-21T14:55:33,b8ecf4ce,7,0.0,0.0621,0.9851,0.9865,0.6041,0.0298,0.037,POSTURA CHIUSA,TESO
2026-06-21T14:55:33,b8ecf4ce,7,0.0,0.0588,0.9811,0.9834,0.5992,0.0313,0.0327,POSTURA NEUTRA,TESO
2026-06-21T14:55:34,b8ecf4ce,7,0.0,0.0624,0.9858,0.9775,0.6015,0.0141,0.0166,POSTURA APERTA,NEUTRO
2026-06-21T14:55:35,b8ecf4ce,7,0.0,0.051,0.8973,0.8435,0.5943,0.0411,0.0454,POSTURA CHIUSA,SERENO
2026-06-21T14:55:35,b8ecf4ce,7,0.0,0.0474,0.9754,0.9711,0.5934,0.0271,0.0388,POSTURA CHIUSA,TESO
2026-06-21T14:55:36,b8ecf4ce,7,0.0,0.0465,0.978,0.9712,0.5915,0.0359,0.0439,POSTURA CHIUSA,TESO
2026-06-21T14:55:36,b8ecf4ce,7,0.0,0.0506,0.9775,0.9751,0.592,0.0142,0.035,POSTURA NEUTRA,TESO
2026-06-21T14:55:37,b8ecf4ce,7,0.0,0.0542,0.9783,0.965,0.6015,0.0512,0.0506,POSTURA CHIUSA,TESO
2026-06-21T14:55:37,b8ecf4ce,7,0.0,0.0525,0.9749,0.9689,0.5782,0.0188,0.0257,POSTURA APERTA,TESO
2026-06-21T14:55:38,b8ecf4ce,7,0.0,0.0606,0.9809,0.9642,0.5756,0.0459,0.0575,POSTURA CHIUSA,TESO
2026-06-21T14:55:38,b8ecf4ce,7,0.0,0.0533,0.986,0.9651,0.565,0.0401,0.0523,POSTURA CHIUSA,TESO
2026-06-21T14:55:39,b8ecf4ce,7,0.0,0.0583,0.9847,0.9621,0.5784,0.0414,0.0399,POSTURA CHIUSA,TESO
2026-06-21T14:55:39,b8ecf4ce,7,0.0,0.0504,0.9772,0.9643,0.585,0.0264,0.0331,POSTURA NEUTRA,TESO
2026-06-21T14:55:40,b8ecf4ce,7,0.0,0.0525,0.9799,0.9596,0.5851,0.0344,0.0362,POSTURA CHIUSA,SERENO
2026-06-21T14:55:41,b8ecf4ce,7,0.0,0.0626,0.9802,0.9656,0.5689,0.0279,0.0425,POSTURA CHIUSA,SERENO
2026-06-21T14:55:41,b8ecf4ce,7,0.0,0.055,0.9808,0.9591,0.5768,0.0469,0.0543,POSTURA CHIUSA,TESO
2026-06-21T14:55:42,b8ecf4ce,7,0.0,0.0514,0.983,0.9659,0.5821,0.0574,0.0619,POSTURA CHIUSA,TESO
2026-06-21T14:55:42,b8ecf4ce,7,0.0,0.0476,0.9749,0.9667,0.5807,0.0731,0.0631,POSTURA CHIUSA,TESO
2026-06-21T14:55:43,b8ecf4ce,7,0.0,0.0505,0.9845,0.9756,0.5679,0.0342,0.0365,POSTURA CHIUSA,TESO
2026-06-21T14:55:43,b8ecf4ce,7,0.0,0.0534,0.9845,0.9744,0.5788,0.0182,0.0309,POSTURA NEUTRA,TESO
2026-06-21T14:55:44,b8ecf4ce,7,0.0,0.0517,0.9822,0.9701,0.5686,0.0173,0.0271,POSTURA APERTA,TESO
2026-06-21T14:55:44,b8ecf4ce,7,0.0,0.0549,0.9845,0.9717,0.5725,0.0124,0.0305,POSTURA NEUTRA,SERENO
2026-06-21T14:55:45,b8ecf4ce,7,0.0,0.0515,0.9831,0.9657,0.592,0.0315,0.0339,POSTURA NEUTRA,NEUTRO
2026-06-21T14:55:45,b8ecf4ce,7,0.0,0.0597,0.9803,0.956,0.5999,0.0234,0.0284,POSTURA APERTA,NEUTRO
2026-06-21T14:55:46,b8ecf4ce,7,0.0,0.0517,0.9163,0.9122,0.5872,0.019,0.0318,POSTURA NEUTRA,SERENO
2026-06-21T14:55:47,b8ecf4ce,7,0.0,0.0405,0.9836,0.9749,0.5625,0.0438,0.0379,POSTURA CHIUSA,TESO
2026-06-21T14:55:47,b8ecf4ce,7,0.0,0.0476,0.9862,0.9801,0.5555,0.031,0.0392,POSTURA CHIUSA,TESO
2026-06-21T14:55:48,b8ecf4ce,7,0.0,0.0445,0.987,0.9768,0.5495,0.0608,0.0498,POSTURA CHIUSA,TESO
2026-06-21T14:55:48,b8ecf4ce,7,0.0,0.0409,0.9839,0.9689,0.556,0.0313,0.0406,POSTURA CHIUSA,TESO
2026-06-21T14:55:49,b8ecf4ce,7,0.0,0.045,0.9833,0.9698,0.5591,0.0288,0.0414,POSTURA CHIUSA,TESO
2026-06-21T14:55:49,b8ecf4ce,7,0.0,0.0376,0.9838,0.9616,0.5577,0.0322,0.0401,POSTURA CHIUSA,TESO
2026-06-21T14:55:50,b8ecf4ce,7,0.0,0.048,0.9819,0.9634,0.5611,0.04,0.0477,POSTURA CHIUSA,TESO
2026-06-21T14:55:50,b8ecf4ce,7,0.0,0.0417,0.9817,0.9625,0.5705,0.0451,0.0463,POSTURA CHIUSA,TESO
2026-06-21T14:55:51,b8ecf4ce,7,0.0,0.0436,0.9816,0.96,0.5609,0.0173,0.0292,POSTURA APERTA,TESO
2026-06-21T14:55:51,b8ecf4ce,7,0.0,0.0359,0.981,0.9588,0.5589,0.1083,0.0558,POSTURA CHIUSA,TESO
2026-06-21T14:55:52,b8ecf4ce,7,0.0,0.0431,0.978,0.9522,0.565,0.0469,0.0408,POSTURA CHIUSA,TESO
2026-06-21T14:55:52,b8ecf4ce,7,0.0,0.0488,0.9802,0.9535,0.5652,0.0293,0.0414,POSTURA CHIUSA,TESO
2026-06-21T14:55:53,b8ecf4ce,7,0.0,0.0435,0.9712,0.9528,0.5714,0.0323,0.0362,POSTURA CHIUSA,TESO
2026-06-21T14:55:54,b8ecf4ce,7,0.0,0.0415,0.9785,0.9642,0.5762,0.029,0.0333,POSTURA NEUTRA,NEUTRO
2026-06-21T14:55:54,b8ecf4ce,7,0.0,0.0386,0.9828,0.9728,0.574,0.0246,0.0288,POSTURA APERTA,NEUTRO
2026-06-21T14:55:55,b8ecf4ce,7,0.0,0.039,0.9854,0.9748,0.5808,0.0459,0.0342,POSTURA NEUTRA,NEUTRO
2026-06-21T14:55:55,b8ecf4ce,7,0.0,0.0414,0.9745,0.9708,0.5839,0.0086,0.0205,POSTURA APERTA,NEUTRO
2026-06-21T14:55:56,b8ecf4ce,7,0.0,0.0386,0.9815,0.974,0.5914,0.0064,0.0174,POSTURA APERTA,SERENO
2026-06-21T14:55:56,b8ecf4ce,7,0.0,0.04,0.9832,0.9764,0.5907,0.012,0.0261,POSTURA APERTA,SERENO
2026-06-21T14:55:57,b8ecf4ce,7,0.0,0.0421,0.9813,0.9776,0.6083,0.0114,0.0187,POSTURA APERTA,SERENO
2026-06-21T14:55:57,b8ecf4ce,7,0.0,0.0425,0.9851,0.9747,0.6025,0.0103,0.0296,POSTURA APERTA,SERENO
2026-06-21T14:55:58,b8ecf4ce,7,0.0,0.0376,0.9832,0.9753,0.6055,0.0196,0.0248,POSTURA APERTA,SERENO
2026-06-21T14:55:58,b8ecf4ce,7,0.0,0.034,0.9793,0.9717,0.5749,0.0156,0.0293,POSTURA APERTA,SERENO
2026-06-21T14:55:59,b8ecf4ce,7,0.0,0.035,0.9747,0.9576,0.5666,0.0069,0.0187,POSTURA APERTA,SERENO
2026-06-21T14:56:00,b8ecf4ce,7,0.0,0.0457,0.9773,0.9584,0.568,0.0391,0.0397,POSTURA CHIUSA,SERENO
2026-06-21T14:56:00,b8ecf4ce,7,0.0,0.0429,0.9733,0.9522,0.5705,0.0267,0.0319,POSTURA NEUTRA,TESO
2026-06-21T14:56:01,b8ecf4ce,7,0.0,0.0429,0.977,0.9612,0.5621,0.0077,0.0241,POSTURA APERTA,SERENO
2026-06-21T14:56:01,b8ecf4ce,7,0.0,0.0472,0.9728,0.9536,0.5653,0.0181,0.0345,POSTURA NEUTRA,SERENO
2026-06-21T14:56:02,b8ecf4ce,7,0.0,0.0381,0.9673,0.925,0.5877,0.0377,0.0383,POSTURA CHIUSA,TESO
2026-06-21T14:56:02,b8ecf4ce,7,0.0,0.0458,0.9734,0.9285,0.5835,0.0496,0.0451,POSTURA CHIUSA,TESO
2026-06-21T14:56:03,b8ecf4ce,7,0.0,0.0431,0.9643,0.927,0.5566,0.0546,0.0453,POSTURA CHIUSA,TESO
2026-06-21T14:56:03,b8ecf4ce,7,0.0,0.0392,0.9677,0.9051,0.5379,0.0841,0.0704,POSTURA CHIUSA,TESO
2026-06-21T14:56:04,b8ecf4ce,7,0.0,0.0406,0.947,0.9438,0.5584,0.0416,0.0451,POSTURA CHIUSA,TESO
2026-06-21T14:56:04,b8ecf4ce,7,0.0,0.0298,0.9805,0.9696,0.5499,0.0098,0.0273,POSTURA APERTA,TESO
2026-06-21T14:56:05,b8ecf4ce,7,0.0,0.0207,0.985,0.9788,0.5341,0.0751,0.0268,POSTURA NEUTRA,SERENO
2026-06-21T14:56:06,b8ecf4ce,7,0.0,0.012,0.9764,0.9765,0.5653,0.1037,0.053,POSTURA CHIUSA,TESO
2026-06-21T14:56:06,b8ecf4ce,7,0.0,0.0138,0.9568,0.9461,0.5602,0.1033,0.0487,POSTURA CHIUSA,TESO
2026-06-21T14:56:07,b8ecf4ce,7,0.0,0.0306,0.9263,0.9124,0.5652,0.1417,0.0699,POSTURA CHIUSA,TESO
2026-06-21T14:56:07,b8ecf4ce,7,0.0,0.0352,0.9359,0.9497,0.5918,0.1532,0.0475,POSTURA CHIUSA,TESO
2026-06-21T14:56:08,b8ecf4ce,7,0.0,0.0171,0.9704,0.9588,0.5553,0.1434,0.0635,POSTURA CHIUSA,TESO
2026-06-21T14:56:08,b8ecf4ce,7,0.0,0.0213,0.9607,0.9369,0.5656,0.1397,0.0695,POSTURA CHIUSA,TESO
2026-06-21T14:56:09,b8ecf4ce,7,0.0,0.0283,0.9737,0.9627,0.5648,0.1645,0.0652,POSTURA CHIUSA,TESO
2026-06-21T14:56:09,b8ecf4ce,7,0.0,0.0405,0.983,0.9568,0.5561,0.1489,0.0599,POSTURA CHIUSA,TESO
2026-06-21T14:56:10,b8ecf4ce,7,0.0,0.0189,0.9617,0.852,0.5469,0.1812,0.0678,POSTURA CHIUSA,TESO
2026-06-21T14:56:10,b8ecf4ce,7,0.0,0.017,0.9547,0.706,0.5219,0.1859,0.0476,POSTURA CHIUSA,TESO
2026-06-21T14:56:11,b8ecf4ce,7,0.0,0.0111,0.9677,0.9275,0.5389,0.0442,0.0108,POSTURA NEUTRA,NEUTRO
2026-06-21T14:56:12,b8ecf4ce,7,0.0,0.0212,0.9539,0.9474,0.5688,0.0238,0.0119,POSTURA APERTA,NEUTRO
2026-06-21T14:56:12,b8ecf4ce,7,0.0,0.0492,0.9816,0.9752,0.6053,0.0403,0.0384,POSTURA CHIUSA,SERENO
2026-06-21T14:56:13,b8ecf4ce,7,0.0,0.0657,0.9878,0.9787,0.5893,0.0104,0.0315,POSTURA NEUTRA,SERENO
2026-06-21T14:56:13,b8ecf4ce,7,0.0,0.0623,0.9839,0.976,0.5737,0.0487,0.0736,POSTURA CHIUSA,TESO
2026-06-21T14:56:14,b8ecf4ce,7,0.0,0.0679,0.9829,0.977,0.556,0.0636,0.0705,POSTURA CHIUSA,TESO
2026-06-21T14:56:14,b8ecf4ce,7,0.0,0.0722,0.9861,0.9798,0.5701,0.0388,0.0549,POSTURA CHIUSA,TESO
2026-06-21T14:56:15,b8ecf4ce,7,0.0,0.0718,0.9859,0.9763,0.5939,0.0215,0.0441,POSTURA CHIUSA,TESO
2026-06-21T14:56:15,b8ecf4ce,7,0.0,0.0717,0.9837,0.9766,0.6039,0.0398,0.0521,POSTURA CHIUSA,TESO
2026-06-21T14:56:16,b8ecf4ce,7,0.0,0.0506,0.9823,0.9841,0.5818,0.0261,0.0428,POSTURA CHIUSA,TESO
2026-06-21T14:56:16,b8ecf4ce,7,0.0,0.0576,0.991,0.9906,0.5799,0.0397,0.0429,POSTURA CHIUSA,TESO
2026-06-21T14:56:17,b8ecf4ce,7,0.0,0.0519,0.9749,0.9702,0.5708,0.0121,0.0297,POSTURA APERTA,TESO
2026-06-21T14:56:17,b8ecf4ce,7,0.0,0.0609,0.9874,0.9853,0.5929,0.0151,0.0297,POSTURA APERTA,SERENO
2026-06-21T14:56:18,b8ecf4ce,7,0.0,0.0836,0.9897,0.9847,0.5945,0.0158,0.0272,POSTURA APERTA,SERENO
2026-06-21T14:56:19,b8ecf4ce,7,0.0,0.068,0.9926,0.989,0.598,0.0154,0.0333,POSTURA NEUTRA,SERENO
2026-06-21T14:56:19,b8ecf4ce,7,0.0,0.0659,0.9903,0.9838,0.5981,0.0369,0.0431,POSTURA CHIUSA,NEUTRO
2026-06-21T14:56:20,b8ecf4ce,7,0.0,0.0637,0.9909,0.9816,0.5805,0.0505,0.0572,POSTURA CHIUSA,TESO
2026-06-21T14:56:20,b8ecf4ce,7,0.0,0.0444,0.9407,0.8974,0.5634,0.0358,0.0496,POSTURA CHIUSA,TESO
2026-06-21T14:56:21,b8ecf4ce,7,0.0,0.0546,0.98,0.9772,0.545,0.0772,0.0571,POSTURA CHIUSA,TESO
2026-06-21T14:56:21,b8ecf4ce,7,0.0,0.0613,0.9863,0.984,0.5495,0.0555,0.0567,POSTURA CHIUSA,TESO
2026-06-21T14:56:22,b8ecf4ce,7,0.0,0.0556,0.9885,0.9819,0.5408,0.0521,0.0475,POSTURA CHIUSA,TESO
2026-06-21T14:56:22,b8ecf4ce,7,0.0,0.0565,0.9878,0.9868,0.5852,0.0208,0.0245,POSTURA APERTA,TESO
2026-06-21T14:56:23,b8ecf4ce,7,0.0,0.0443,0.9868,0.9804,0.6164,0.0099,0.0272,POSTURA APERTA,SERENO
2026-06-21T14:56:23,b8ecf4ce,7,0.0,0.0213,0.7483,0.7919,0.5988,0.0339,0.0194,POSTURA NEUTRA,NEUTRO
2026-06-21T14:56:24,b8ecf4ce,7,0.0,0.0152,0.7728,0.7488,0.604,0.0806,0.0177,POSTURA NEUTRA,NEUTRO
2026-06-21T14:56:24,b8ecf4ce,7,0.0,0.0164,0.7436,0.7231,0.6055,0.0598,0.0193,POSTURA NEUTRA,NEUTRO
2026-06-21T14:56:25,b8ecf4ce,7,0.0,0.0171,0.96,0.9709,0.5954,0.0484,0.019,POSTURA NEUTRA,NEUTRO
2026-06-21T14:56:26,b8ecf4ce,7,0.0,0.0156,0.8771,0.8516,0.5399,0.0974,0.0469,POSTURA CHIUSA,TESO
2026-06-21T14:56:26,b8ecf4ce,7,0.0,0.0094,0.7611,0.7313,0.5549,0.0535,0.0317,POSTURA NEUTRA,TESO
2026-06-21T14:56:27,b8ecf4ce,7,0.0,0.0216,0.7324,0.603,0.558,0.0174,0.0186,POSTURA APERTA,NEUTRO
2026-06-21T14:56:27,b8ecf4ce,7,0.0,0.0252,0.9046,0.867,0.5332,0.0361,0.0222,POSTURA NEUTRA,SERENO
2026-06-21T14:56:28,b8ecf4ce,7,0.0,0.0227,0.972,0.9742,0.5359,0.0243,0.0112,POSTURA APERTA,NEUTRO
2026-06-21T14:56:28,b8ecf4ce,7,0.0,0.0307,0.9695,0.9703,0.5221,0.0134,0.0092,POSTURA APERTA,SERENO
2026-06-21T14:56:29,b8ecf4ce,7,0.0,0.0265,0.9659,0.9648,0.5178,0.0133,0.0035,POSTURA APERTA,SERENO
2026-06-21T14:56:29,b8ecf4ce,7,0.05,0.0049,0.9723,0.9754,0.5611,0.0221,0.0187,POSTURA APERTA,SERENO
2026-06-21T14:56:30,b8ecf4ce,7,0.0,0.0182,0.9709,0.9796,0.5633,0.0212,0.0239,POSTURA APERTA,SERENO
2026-06-21T14:56:30,b8ecf4ce,7,0.0,0.016,0.9645,0.9679,0.5767,0.0196,0.0132,POSTURA APERTA,NEUTRO
2026-06-21T14:56:31,b8ecf4ce,7,0.0,0.0117,0.9709,0.9761,0.582,0.0258,0.0261,POSTURA NEUTRA,SERENO
2026-06-21T14:56:31,b8ecf4ce,7,0.0,0.0192,0.9721,0.9737,0.5779,0.0367,0.0401,POSTURA CHIUSA,SERENO
2026-06-21T14:56:32,b8ecf4ce,7,0.0,0.0207,0.9758,0.9692,0.5651,0.053,0.0416,POSTURA CHIUSA,TESO
2026-06-21T14:56:33,b8ecf4ce,7,0.0,0.0203,0.9831,0.9791,0.5497,0.0103,0.0175,POSTURA APERTA,TESO
2026-06-21T14:56:33,b8ecf4ce,7,0.0,0.0237,0.9842,0.9849,0.5726,0.0531,0.0497,POSTURA CHIUSA,SERENO
2026-06-21T14:56:34,b8ecf4ce,7,0.0,0.0269,0.8484,0.8567,0.5441,0.0172,0.03,POSTURA APERTA,TESO
2026-06-21T14:56:34,b8ecf4ce,7,0.0,0.0235,0.968,0.9695,0.5677,0.0563,0.0638,POSTURA CHIUSA,TESO
2026-06-21T14:56:35,b8ecf4ce,7,0.0,0.0324,0.9763,0.9747,0.5583,0.0732,0.0634,POSTURA CHIUSA,TESO
2026-06-21T14:56:35,b8ecf4ce,7,0.0,0.0291,0.981,0.9859,0.558,0.0531,0.0514,POSTURA CHIUSA,TESO
2026-06-21T14:56:36,b8ecf4ce,7,0.0,0.0465,0.9881,0.9892,0.5357,0.012,0.0186,POSTURA APERTA,TESO
2026-06-21T14:56:36,b8ecf4ce,7,0.0,0.0382,0.9909,0.9899,0.5597,0.0219,0.0281,POSTURA APERTA,SERENO
2026-06-21T14:56:37,b8ecf4ce,7,0.0,0.0414,0.9877,0.9902,0.5482,0.0197,0.0266,POSTURA APERTA,SERENO
2026-06-21T14:56:37,b8ecf4ce,7,0.0,0.0402,0.9852,0.987,0.5542,0.0573,0.0481,POSTURA CHIUSA,SERENO
2026-06-21T14:56:38,b8ecf4ce,7,0.0,0.0476,0.9894,0.9883,0.5543,0.0719,0.0612,POSTURA CHIUSA,TESO
2026-06-21T14:56:39,b8ecf4ce,7,0.0,0.0447,0.9855,0.9862,0.5612,0.048,0.0452,POSTURA CHIUSA,TESO
2026-06-21T14:56:39,b8ecf4ce,7,0.0,0.0436,0.9882,0.9874,0.5516,0.0507,0.0536,POSTURA CHIUSA,TESO
2026-06-21T14:56:40,b8ecf4ce,7,0.0,0.0386,0.9895,0.9885,0.5398,0.0183,0.0304,POSTURA NEUTRA,TESO
2026-06-21T14:56:40,b8ecf4ce,7,0.0,0.0351,0.9223,0.9496,0.5393,0.0157,0.0223,POSTURA APERTA,SERENO
2026-06-21T14:56:41,b8ecf4ce,7,0.0,0.0458,0.9795,0.982,0.5685,0.0318,0.0329,POSTURA NEUTRA,SERENO
2026-06-21T14:56:41,b8ecf4ce,7,0.0,0.0319,0.8082,0.8046,0.5816,0.0214,0.0331,POSTURA NEUTRA,SERENO
2026-06-21T14:56:42,b8ecf4ce,7,0.0,0.0344,0.8642,0.8606,0.5931,0.0122,0.0226,POSTURA APERTA,NEUTRO
2026-06-21T14:56:42,b8ecf4ce,7,0.0,0.0342,0.9669,0.9515,0.5937,0.0044,0.0289,POSTURA APERTA,SERENO
2026-06-21T14:56:43,b8ecf4ce,7,0.0,0.0318,0.9091,0.9211,0.6197,0.0139,0.0116,POSTURA APERTA,SERENO
2026-06-21T14:56:43,b8ecf4ce,7,0.0,0.0227,0.879,0.8301,0.6268,0.0272,0.005,POSTURA NEUTRA,SERENO
2026-06-21T14:56:44,b8ecf4ce,7,0.0,0.0271,0.9786,0.9682,0.6271,0.0115,0.0136,POSTURA APERTA,NEUTRO
2026-06-21T14:56:44,b8ecf4ce,7,0.0,0.0306,0.9746,0.9688,0.5944,0.0088,0.0198,POSTURA APERTA,SERENO
2026-06-21T14:56:45,b8ecf4ce,7,0.0,0.0406,0.9885,0.9862,0.5628,0.0085,0.0225,POSTURA APERTA,SERENO
2026-06-21T14:56:46,b8ecf4ce,7,0.0,0.0354,0.9865,0.9841,0.5842,0.0413,0.0523,POSTURA CHIUSA,TESO
2026-06-21T14:56:46,b8ecf4ce,7,0.0,0.0383,0.9783,0.9769,0.5746,0.0555,0.0601,POSTURA CHIUSA,TESO
2026-06-21T14:56:47,b8ecf4ce,7,0.0,0.0374,0.9828,0.9784,0.5762,0.0387,0.05,POSTURA CHIUSA,TESO
2026-06-21T14:56:47,b8ecf4ce,7,0.0,0.0406,0.9632,0.953,0.5793,0.0176,0.0299,POSTURA APERTA,TESO
2026-06-21T14:56:48,b8ecf4ce,7,0.0,0.047,0.9763,0.9588,0.5574,0.0084,0.0273,POSTURA APERTA,SERENO
2026-06-21T14:56:48,b8ecf4ce,7,0.0,0.0407,0.9847,0.9713,0.5625,0.0104,0.0222,POSTURA APERTA,SERENO
2026-06-21T14:56:49,b8ecf4ce,7,0.0,0.0396,0.9798,0.9667,0.5638,0.0244,0.0147,POSTURA APERTA,SERENO
2026-06-21T14:56:49,b8ecf4ce,7,0.0,0.0386,0.9806,0.9759,0.5826,0.0179,0.008,POSTURA APERTA,SERENO
2026-06-21T14:56:50,b8ecf4ce,7,0.0,0.0357,0.9922,0.9859,0.5897,0.0109,0.0217,POSTURA APERTA,SERENO
2026-06-21T14:56:50,b8ecf4ce,7,0.0,0.042,0.9841,0.9707,0.5791,0.0039,0.0244,POSTURA APERTA,SERENO
2026-06-21T14:56:51,b8ecf4ce,7,0.0,0.0281,0.9788,0.9599,0.5833,0.0065,0.0225,POSTURA APERTA,SERENO
2026-06-21T14:56:51,b8ecf4ce,7,0.0,0.0335,0.9846,0.9691,0.597,0.0198,0.0304,POSTURA NEUTRA,SERENO
2026-06-21T14:56:52,b8ecf4ce,7,0.0,0.0288,0.9794,0.9568,0.5987,0.0209,0.0396,POSTURA CHIUSA,SERENO
2026-06-21T14:56:53,b8ecf4ce,7,0.0,0.0459,0.9805,0.9654,0.6031,0.0126,0.0219,POSTURA APERTA,TESO
2026-06-21T14:56:53,b8ecf4ce,7,0.0,0.0471,0.9881,0.9768,0.597,0.0038,0.0167,POSTURA APERTA,SERENO
2026-06-21T14:56:54,b8ecf4ce,7,0.0,0.0281,0.8371,0.7459,0.5941,0.0099,0.0257,POSTURA APERTA,SERENO
2026-06-21T14:56:54,b8ecf4ce,7,0.0,0.0319,0.8442,0.733,0.5926,0.0161,0.0085,POSTURA APERTA,SERENO
2026-06-21T14:56:55,b8ecf4ce,7,0.0,0.0227,0.9473,0.8828,0.5994,0.0217,0.0393,POSTURA CHIUSA,SERENO
2026-06-21T14:56:55,b8ecf4ce,7,0.0,0.0409,0.976,0.9368,0.6076,0.0344,0.0398,POSTURA CHIUSA,TESO
2026-06-21T14:56:56,b8ecf4ce,7,0.03,0.0221,0.9724,0.9676,0.6111,0.0087,0.0193,POSTURA APERTA,SERENO
2026-06-21T14:56:56,b8ecf4ce,7,0.24,0.0069,0.9641,0.97,0.6096,0.0223,0.0118,POSTURA APERTA,SERENO
2026-06-21T14:56:57,b8ecf4ce,7,0.08,0.0194,0.9023,0.8863,0.6153,0.0108,0.013,POSTURA APERTA,SERENO
2026-06-21T14:56:57,b8ecf4ce,7,0.01,0.0388,0.9425,0.8965,0.6157,0.0145,0.0282,POSTURA APERTA,SERENO
2026-06-21T14:56:58,b8ecf4ce,7,0.0,0.0262,0.9686,0.9528,0.5944,0.0089,0.0217,POSTURA APERTA,SERENO
2026-06-21T14:56:59,b8ecf4ce,7,0.0,0.035,0.9723,0.9535,0.6081,0.0261,0.0092,POSTURA NEUTRA,NEUTRO
2026-06-21T14:56:59,b8ecf4ce,7,0.0,0.0466,0.9796,0.9703,0.5934,0.0127,0.0118,POSTURA APERTA,SERENO
2026-06-21T14:57:00,b8ecf4ce,7,0.0,0.0421,0.9904,0.9853,0.5966,0.0167,0.0186,POSTURA APERTA,SERENO
2026-06-21T14:57:00,b8ecf4ce,7,0.0,0.0438,0.9751,0.9672,0.6024,0.0096,0.0164,POSTURA APERTA,SERENO
2026-06-21T14:57:01,b8ecf4ce,7,0.0,0.0163,0.9457,0.9435,0.5932,0.0067,0.0166,POSTURA APERTA,SERENO
2026-06-21T14:57:01,b8ecf4ce,7,0.0,0.0065,0.9465,0.9403,0.5966,0.0427,0.0349,POSTURA NEUTRA,SERENO
2026-06-21T14:57:02,b8ecf4ce,7,0.0,0.0067,0.9574,0.9367,0.5804,0.0564,0.0441,POSTURA CHIUSA,TESO
2026-06-21T14:57:02,b8ecf4ce,7,0.0,0.0056,0.9619,0.9502,0.5624,0.0261,0.0175,POSTURA NEUTRA,NEUTRO
2026-06-21T14:57:03,b8ecf4ce,7,0.0,0.0088,0.9739,0.9694,0.5795,0.0289,0.0322,POSTURA NEUTRA,NEUTRO
2026-06-21T14:57:03,b8ecf4ce,7,0.0,0.007,0.9628,0.9574,0.5808,0.0224,0.0199,POSTURA APERTA,NEUTRO
2026-06-21T14:57:04,b8ecf4ce,7,0.0,0.0057,0.9526,0.9332,0.5682,0.0123,0.0044,POSTURA APERTA,SERENO
2026-06-21T14:57:04,b8ecf4ce,7,0.0,0.0051,0.9762,0.9676,0.5915,0.0128,0.0047,POSTURA APERTA,SERENO
2026-06-21T14:57:05,b8ecf4ce,7,0.0,0.007,0.9761,0.9702,0.5995,0.0133,0.0104,POSTURA APERTA,SERENO
2026-06-21T14:57:06,b8ecf4ce,7,0.0,0.0082,0.9805,0.9771,0.5961,0.0024,0.0116,POSTURA APERTA,SERENO
2026-06-21T14:57:06,b8ecf4ce,7,0.0,0.0054,0.9836,0.984,0.5822,0.0074,0.0102,POSTURA APERTA,SERENO
2026-06-21T14:57:07,b8ecf4ce,7,0.0,0.0043,0.9841,0.9858,0.5851,0.0195,0.0028,POSTURA APERTA,SERENO
2026-06-21T14:57:07,b8ecf4ce,7,0.0,0.0046,0.9863,0.9897,0.6052,0.0174,0.0075,POSTURA APERTA,SERENO
2026-06-21T14:57:08,b8ecf4ce,7,0.0,0.004,0.9852,0.9868,0.5924,0.011,0.0156,POSTURA APERTA,SERENO
2026-06-21T14:57:08,b8ecf4ce,7,0.0,0.0067,0.9257,0.9451,0.5736,0.0682,0.0209,POSTURA NEUTRA,SERENO
2026-06-21T14:57:09,b8ecf4ce,7,0.0,0.0272,0.8679,0.8265,0.5904,0.0191,0.0199,POSTURA APERTA,NEUTRO
2026-06-21T14:57:09,b8ecf4ce,7,0.0,0.0213,0.8266,0.7988,0.5962,0.0332,0.0059,POSTURA NEUTRA,NEUTRO
2026-06-21T14:57:10,b8ecf4ce,7,0.0,0.0244,0.9703,0.9579,0.6009,0.03,0.0091,POSTURA NEUTRA,NEUTRO
2026-06-21T14:57:10,b8ecf4ce,7,0.0,0.0341,0.99,0.9841,0.5718,0.0227,0.0109,POSTURA APERTA,NEUTRO
2026-06-21T14:57:11,b8ecf4ce,7,0.0,0.0243,0.9818,0.9626,0.5614,0.0244,0.0139,POSTURA APERTA,NEUTRO
2026-06-21T14:57:12,b8ecf4ce,7,0.0,0.0225,0.901,0.7857,0.557,0.0422,0.0067,POSTURA NEUTRA,NEUTRO
2026-06-21T14:57:12,b8ecf4ce,7,0.0,0.0139,0.9517,0.8763,0.5604,0.0472,0.025,POSTURA NEUTRA,NEUTRO
2026-06-21T14:57:13,b8ecf4ce,7,0.0,0.0313,0.9703,0.9611,0.5501,0.0147,0.028,POSTURA APERTA,NEUTRO
2026-06-21T14:57:13,b8ecf4ce,7,0.0,0.035,0.8101,0.8042,0.5821,0.0235,0.0116,POSTURA APERTA,SERENO
2026-06-21T14:57:14,b8ecf4ce,7,0.0,0.0434,0.7224,0.7464,0.5851,0.0148,0.021,POSTURA APERTA,SERENO
2026-06-21T14:57:14,b8ecf4ce,7,0.0,0.027,0.9668,0.9664,0.5863,0.0086,0.0221,POSTURA APERTA,SERENO
2026-06-21T14:57:15,b8ecf4ce,7,0.0,0.0225,0.9824,0.9854,0.6108,0.0034,0.0171,POSTURA APERTA,SERENO
2026-06-21T14:57:15,b8ecf4ce,7,0.0,0.031,0.9854,0.9865,0.6139,0.0092,0.0123,POSTURA APERTA,SERENO
2026-06-21T14:57:16,b8ecf4ce,7,0.0,0.0352,0.9851,0.9895,0.5821,0.0167,0.0124,POSTURA APERTA,SERENO
2026-06-21T14:57:16,b8ecf4ce,7,0.0,0.0289,0.9848,0.979,0.571,0.0211,0.0109,POSTURA APERTA,SERENO
2026-06-21T14:57:17,b8ecf4ce,7,0.0,0.0253,0.982,0.9699,0.5616,0.0189,0.0058,POSTURA APERTA,SERENO
2026-06-21T14:57:18,b8ecf4ce,7,0.0,0.0226,0.9826,0.979,0.5647,0.0282,0.0062,POSTURA NEUTRA,NEUTRO
2026-06-21T14:57:18,b8ecf4ce,7,0.0,0.0355,0.9784,0.9801,0.5752,0.0444,0.0066,POSTURA NEUTRA,NEUTRO
2026-06-21T14:57:19,b8ecf4ce,7,0.0,0.0366,0.973,0.9553,0.5583,0.0287,0.0102,POSTURA NEUTRA,NEUTRO
2026-06-21T14:57:19,b8ecf4ce,7,0.0,0.0353,0.966,0.9552,0.5648,0.0252,0.0111,POSTURA NEUTRA,NEUTRO
2026-06-21T14:57:20,b8ecf4ce,7,0.0,0.0327,0.9838,0.9835,0.5659,0.0168,0.0143,POSTURA APERTA,SERENO
2026-06-21T14:57:20,b8ecf4ce,7,0.0,0.0388,0.9849,0.9843,0.5705,0.0316,0.0055,POSTURA NEUTRA,SERENO
2026-06-21T14:57:21,b8ecf4ce,7,0.0,0.0374,0.9826,0.9736,0.5714,0.0189,0.0048,POSTURA APERTA,NEUTRO
2026-06-21T14:57:21,b8ecf4ce,7,0.0,0.0307,0.9835,0.9789,0.579,0.0066,0.0185,POSTURA APERTA,SERENO
2026-06-21T14:57:22,b8ecf4ce,7,0.0,0.0295,0.9888,0.9895,0.5725,0.019,0.0074,POSTURA APERTA,SERENO
2026-06-21T14:57:22,b8ecf4ce,7,0.0,0.03,0.9892,0.9893,0.5761,0.017,0.0256,POSTURA APERTA,SERENO
2026-06-21T14:57:23,b8ecf4ce,7,0.0,0.0328,0.9865,0.9876,0.561,0.0204,0.0152,POSTURA APERTA,SERENO
2026-06-21T14:57:23,b8ecf4ce,7,0.0,0.0362,0.9888,0.9907,0.5686,0.0075,0.0111,POSTURA APERTA,SERENO
2026-06-21T14:57:24,b8ecf4ce,7,0.0,0.0313,0.9817,0.9809,0.5624,0.0236,0.0097,POSTURA APERTA,SERENO
2026-06-21T14:57:25,b8ecf4ce,7,0.0,0.04,0.9781,0.9797,0.5883,0.0177,0.0264,POSTURA APERTA,SERENO
2026-06-21T14:57:25,b8ecf4ce,7,0.0,0.0394,0.9857,0.978,0.5683,0.0148,0.0136,POSTURA APERTA,SERENO
2026-06-21T14:57:26,b8ecf4ce,7,0.0,0.037,0.9809,0.9709,0.574,0.0196,0.0323,POSTURA NEUTRA,SERENO
2026-06-21T14:57:26,b8ecf4ce,7,0.0,0.0347,0.986,0.9872,0.5732,0.0195,0.0114,POSTURA APERTA,SERENO
2026-06-21T14:57:27,b8ecf4ce,7,0.0,0.049,0.9924,0.9917,0.5564,0.0151,0.0123,POSTURA APERTA,SERENO
2026-06-21T14:57:27,b8ecf4ce,7,0.0,0.0437,0.9893,0.9872,0.5582,0.0267,0.0358,POSTURA CHIUSA,SERENO
2026-06-21T14:57:28,b8ecf4ce,7,0.0,0.045,0.9892,0.9871,0.5547,0.0111,0.0171,POSTURA APERTA,SERENO
2026-06-21T14:57:28,b8ecf4ce,7,0.0,0.041,0.9892,0.9886,0.5536,0.0192,0.0066,POSTURA APERTA,SERENO
2026-06-21T14:57:29,b8ecf4ce,7,0.0,0.0492,0.9894,0.9886,0.5615,0.0094,0.0111,POSTURA APERTA,SERENO
2026-06-21T14:57:29,b8ecf4ce,7,0.0,0.0385,0.9833,0.9755,0.5688,0.032,0.0065,POSTURA NEUTRA,SERENO
2026-06-21T14:57:30,b8ecf4ce,7,0.0,0.0465,0.9897,0.9841,0.5704,0.0208,0.0171,POSTURA APERTA,SERENO
2026-06-21T14:57:30,b8ecf4ce,7,0.0,0.0476,0.99,0.9861,0.5696,0.0268,0.013,POSTURA NEUTRA,SERENO
2026-06-21T14:57:31,b8ecf4ce,7,0.0,0.0408,0.9775,0.9726,0.5644,0.0337,0.0069,POSTURA NEUTRA,NEUTRO
2026-06-21T14:57:32,b8ecf4ce,7,0.0,0.047,0.9825,0.9792,0.5751,0.0277,0.0085,POSTURA NEUTRA,NEUTRO
2026-06-21T14:57:32,b8ecf4ce,7,0.0,0.0479,0.9839,0.9824,0.5791,0.0137,0.0071,POSTURA APERTA,SERENO
2026-06-21T14:57:33,b8ecf4ce,7,0.0,0.0432,0.976,0.9733,0.5823,0.0298,0.0087,POSTURA NEUTRA,SERENO
2026-06-21T14:57:33,b8ecf4ce,7,0.0,0.0467,0.9812,0.9764,0.5681,0.0358,0.0065,POSTURA NEUTRA,NEUTRO
2026-06-21T14:57:34,b8ecf4ce,7,0.0,0.0512,0.9752,0.9529,0.5767,0.0113,0.0127,POSTURA APERTA,SERENO
2026-06-21T14:57:34,b8ecf4ce,7,0.0,0.0546,0.9894,0.9811,0.5764,0.0692,0.0438,POSTURA CHIUSA,SERENO
2026-06-21T14:57:35,b8ecf4ce,7,0.0,0.0363,0.8618,0.7814,0.561,0.0418,0.0562,POSTURA CHIUSA,TESO
2026-06-21T14:57:35,b8ecf4ce,7,0.0,0.0422,0.9419,0.9216,0.56,0.0179,0.0144,POSTURA APERTA,TESO
2026-06-21T14:57:36,b8ecf4ce,7,0.0,0.0572,0.9847,0.984,0.5616,0.0297,0.0309,POSTURA NEUTRA,SERENO
2026-06-21T14:57:36,b8ecf4ce,7,0.0,0.0383,0.9836,0.9895,0.5628,0.0545,0.0468,POSTURA CHIUSA,TESO
2026-06-21T14:57:37,b8ecf4ce,7,0.0,0.0447,0.9743,0.9799,0.5413,0.0733,0.0717,POSTURA CHIUSA,TESO
2026-06-21T14:57:38,b8ecf4ce,7,0.0,0.0297,0.8936,0.7524,0.5435,0.077,0.0683,POSTURA CHIUSA,TESO
2026-06-21T14:57:38,b8ecf4ce,7,0.0,0.0347,0.9769,0.9584,0.5627,0.0549,0.0526,POSTURA CHIUSA,TESO
2026-06-21T14:57:39,b8ecf4ce,7,0.0,0.0288,0.8453,0.7684,0.5714,0.062,0.0581,POSTURA CHIUSA,TESO
2026-06-21T14:57:39,b8ecf4ce,7,0.0,0.0242,0.686,0.627,0.5639,0.0535,0.0451,POSTURA CHIUSA,TESO
2026-06-21T14:57:40,b8ecf4ce,7,0.0,0.0334,0.9566,0.9562,0.562,0.0607,0.0476,POSTURA CHIUSA,TESO
2026-06-21T14:57:40,b8ecf4ce,7,0.0,0.0312,0.9548,0.9821,0.541,0.06,0.06,POSTURA CHIUSA,TESO
2026-06-21T14:57:41,b8ecf4ce,7,0.0,0.0269,0.9645,0.9778,0.5502,0.0425,0.0381,POSTURA CHIUSA,TESO
2026-06-21T14:57:41,b8ecf4ce,7,0.0,0.0164,0.9854,0.9796,0.5685,0.0331,0.0338,POSTURA NEUTRA,TESO
2026-06-21T14:57:42,b8ecf4ce,7,0.0,0.0129,0.9858,0.9808,0.5726,0.0496,0.0492,POSTURA CHIUSA,TESO
2026-06-21T14:57:44,b8ecf4ce,7,0.0,0.0017,0.559,0.5204,0.3217,0.0597,0.0429,POSTURA CHIUSA,TESO
2026-06-21T14:57:44,b8ecf4ce,7,0.02,0.0012,0.6479,0.7682,0.5001,0.1645,0.0666,POSTURA CHIUSA,TESO
2026-06-21T14:57:45,b8ecf4ce,7,0.05,0.0013,0.716,0.823,0.5015,0.1833,0.113,POSTURA CHIUSA,TESO
2026-06-21T14:57:45,b8ecf4ce,7,0.0,0.0057,0.8521,0.9075,0.5469,0.0498,0.0316,POSTURA NEUTRA,TESO
2026-06-21T14:57:46,b8ecf4ce,7,0.0,0.0249,0.9476,0.9548,0.5022,0.0979,0.0616,POSTURA CHIUSA,NEUTRO
2026-06-21T14:57:46,b8ecf4ce,7,0.0,0.0286,0.957,0.9468,0.5496,0.1494,0.0874,POSTURA CHIUSA,TESO
2026-06-21T14:57:47,b8ecf4ce,7,0.0,0.0203,0.9434,0.922,0.5316,0.1252,0.0752,POSTURA CHIUSA,TESO
2026-06-21T14:57:47,b8ecf4ce,7,0.0,0.0175,0.939,0.9099,0.5355,0.0915,0.0629,POSTURA CHIUSA,TESO
2026-06-21T14:57:48,b8ecf4ce,7,0.0,0.0164,0.944,0.914,0.5379,0.0892,0.0599,POSTURA CHIUSA,TESO
2026-06-21T14:57:49,b8ecf4ce,7,0.0,0.0122,0.9314,0.9091,0.5239,0.1085,0.0734,POSTURA CHIUSA,TESO
2026-06-21T14:57:49,b8ecf4ce,7,0.0,0.0099,0.9238,0.8986,0.547,0.1068,0.0646,POSTURA CHIUSA,TESO
2026-06-21T14:57:50,b8ecf4ce,7,0.0,0.0101,0.9293,0.9031,0.5204,0.0866,0.0549,POSTURA CHIUSA,TESO
2026-06-21T14:57:50,b8ecf4ce,7,0.0,0.0101,0.9311,0.9045,0.5474,0.0888,0.0541,POSTURA CHIUSA,TESO
2026-06-21T14:57:51,b8ecf4ce,7,0.0,0.0095,0.9276,0.8967,0.5435,0.0995,0.0503,POSTURA CHIUSA,TESO
2026-06-21T14:57:51,b8ecf4ce,7,0.0,0.0081,0.928,0.9122,0.5499,0.1281,0.063,POSTURA CHIUSA,TESO
2026-06-21T14:57:52,b8ecf4ce,7,0.0,0.011,0.6322,0.7627,0.5184,0.1696,0.0753,POSTURA CHIUSA,TESO
2026-06-21T14:57:52,b8ecf4ce,7,0.0,0.0122,0.8887,0.9149,0.535,0.1293,0.0841,POSTURA CHIUSA,TESO
2026-06-21T14:57:53,b8ecf4ce,7,0.0,0.0107,0.9445,0.9269,0.5343,0.1323,0.0721,POSTURA CHIUSA,TESO
2026-06-21T14:57:53,b8ecf4ce,7,0.0,0.0072,0.8106,0.8244,0.5278,0.1314,0.0649,POSTURA CHIUSA,TESO
2026-06-21T14:57:54,b8ecf4ce,7,0.0,0.0107,0.9426,0.9288,0.5274,0.1217,0.0502,POSTURA CHIUSA,TESO
2026-06-21T14:57:55,b8ecf4ce,7,0.0,0.0071,0.9037,0.9053,0.5247,0.1183,0.0414,POSTURA CHIUSA,TESO
2026-06-21T14:57:55,b8ecf4ce,7,0.0,0.0068,0.9164,0.9145,0.5294,0.133,0.0509,POSTURA CHIUSA,TESO
2026-06-21T14:57:56,b8ecf4ce,7,0.0,0.0061,0.9344,0.9272,0.4969,0.0965,0.0504,POSTURA CHIUSA,TESO
2026-06-21T14:57:56,b8ecf4ce,7,0.0,0.0209,0.8794,0.9017,0.5279,0.117,0.0564,POSTURA CHIUSA,TESO
2026-06-21T14:57:57,b8ecf4ce,7,0.0,0.029,0.8959,0.9088,0.4998,0.0922,0.0495,POSTURA CHIUSA,TESO
2026-06-21T14:57:57,b8ecf4ce,7,0.0,0.031,0.9437,0.9467,0.4863,0.098,0.0484,POSTURA CHIUSA,TESO
2026-06-21T14:57:58,b8ecf4ce,7,0.0,0.0165,0.9507,0.9448,0.4664,0.0876,0.0516,POSTURA CHIUSA,TESO
2026-06-21T14:57:59,b8ecf4ce,7,0.0,0.0252,0.9574,0.9551,0.3905,0.1876,0.082,POSTURA CHIUSA,TESO
2026-06-21T14:57:59,b8ecf4ce,7,0.0,0.0206,0.7751,0.827,0.432,0.2065,0.0616,POSTURA CHIUSA,TESO
2026-06-21T14:58:00,b8ecf4ce,7,0.0,0.0247,0.8258,0.8497,0.4466,0.1986,0.0767,POSTURA CHIUSA,TESO
2026-06-21T14:58:00,b8ecf4ce,7,0.0,0.0295,0.9463,0.9437,0.4878,0.1971,0.1076,POSTURA CHIUSA,TESO
2026-06-21T14:58:01,b8ecf4ce,7,0.0,0.0203,0.9566,0.9439,0.4973,0.1899,0.0862,POSTURA CHIUSA,TESO
2026-06-21T14:58:02,b8ecf4ce,7,0.0,0.0159,0.9641,0.9612,0.4832,0.179,0.0913,POSTURA CHIUSA,TESO
2026-06-21T14:58:02,b8ecf4ce,7,0.0,0.0172,0.9677,0.9697,0.4943,0.1725,0.0771,POSTURA CHIUSA,TESO
2026-06-21T14:58:03,b8ecf4ce,7,0.0,0.0185,0.9671,0.9711,0.4909,0.1717,0.0777,POSTURA CHIUSA,TESO
2026-06-21T14:58:03,b8ecf4ce,7,0.0,0.0204,0.9104,0.94,0.4941,0.1405,0.062,POSTURA CHIUSA,TESO
2026-06-21T14:58:04,b8ecf4ce,7,0.0,0.0231,0.9386,0.9486,0.4837,0.1313,0.071,POSTURA CHIUSA,TESO
2026-06-21T14:58:04,b8ecf4ce,7,0.0,0.019,0.954,0.9604,0.4842,0.1647,0.0744,POSTURA CHIUSA,TESO
2026-06-21T14:58:05,b8ecf4ce,7,0.0,0.0193,0.9465,0.9521,0.4782,0.169,0.0849,POSTURA CHIUSA,TESO
2026-06-21T14:58:05,b8ecf4ce,7,0.0,0.0241,0.9454,0.9482,0.4823,0.1835,0.0815,POSTURA CHIUSA,TESO
2026-06-21T14:58:06,b8ecf4ce,7,0.0,0.0238,0.946,0.9443,0.4817,0.1702,0.0765,POSTURA CHIUSA,TESO
2026-06-21T14:58:07,b8ecf4ce,7,0.0,0.0219,0.9467,0.9373,0.4881,0.1527,0.0797,POSTURA CHIUSA,TESO
2026-06-21T14:58:07,b8ecf4ce,7,0.0,0.0259,0.9533,0.935,0.4822,0.1704,0.0889,POSTURA CHIUSA,TESO
2026-06-21T14:58:08,b8ecf4ce,7,0.0,0.0239,0.9484,0.9218,0.4681,0.172,0.0739,POSTURA CHIUSA,TESO
2026-06-21T14:58:08,b8ecf4ce,7,0.0,0.0228,0.9593,0.9216,0.4465,0.1486,0.0665,POSTURA CHIUSA,TESO
2026-06-21T14:58:09,b8ecf4ce,7,0.0,0.0184,0.9585,0.9405,0.4513,0.1012,0.0395,POSTURA CHIUSA,TESO
2026-06-21T14:58:09,b8ecf4ce,7,0.0,0.0205,0.9635,0.9411,0.4521,0.1145,0.0466,POSTURA CHIUSA,TESO
2026-06-21T14:58:10,b8ecf4ce,7,0.0,0.0255,0.94,0.9093,0.47,0.1403,0.0465,POSTURA CHIUSA,TESO
2026-06-21T14:58:10,b8ecf4ce,7,0.0,0.0218,0.95,0.9318,0.4492,0.1207,0.0514,POSTURA CHIUSA,TESO
2026-06-21T14:58:11,b8ecf4ce,7,0.0,0.0231,0.9496,0.9299,0.4648,0.1324,0.0521,POSTURA CHIUSA,TESO
2026-06-21T14:58:11,b8ecf4ce,7,0.0,0.0217,0.9524,0.9272,0.4793,0.145,0.0642,POSTURA CHIUSA,TESO
2026-06-21T14:58:12,b8ecf4ce,7,0.0,0.0197,0.9459,0.9212,0.4547,0.1225,0.045,POSTURA CHIUSA,TESO
2026-06-21T14:58:13,b8ecf4ce,7,0.0,0.0193,0.9479,0.9197,0.455,0.114,0.0362,POSTURA CHIUSA,TESO
2026-06-21T14:58:13,b8ecf4ce,7,0.0,0.0178,0.92,0.9095,0.4811,0.0987,0.0436,POSTURA CHIUSA,TESO
2026-06-21T14:58:14,b8ecf4ce,7,0.0,0.0098,0.8987,0.914,0.5253,0.1655,0.0603,POSTURA CHIUSA,TESO
2026-06-21T14:58:14,b8ecf4ce,7,0.0,0.0154,0.9248,0.9302,0.5372,0.1678,0.0553,POSTURA CHIUSA,TESO
2026-06-21T14:58:15,b8ecf4ce,7,0.0,0.0154,0.9414,0.946,0.5379,0.1589,0.0558,POSTURA CHIUSA,TESO
2026-06-21T14:58:15,b8ecf4ce,7,0.0,0.0119,0.9567,0.9543,0.505,0.1699,0.0818,POSTURA CHIUSA,TESO
2026-06-21T14:58:16,b8ecf4ce,7,0.06,0.0031,0.8703,0.9265,0.4691,0.1828,0.072,POSTURA CHIUSA,TESO
2026-06-21T14:58:16,b8ecf4ce,7,0.04,0.0029,0.8493,0.9375,0.4135,0.1633,0.0619,POSTURA CHIUSA,TESO
2026-06-21T14:58:17,b8ecf4ce,7,0.16,0.0022,0.8863,0.9607,0.3922,0.1486,0.0557,POSTURA CHIUSA,TESO
2026-06-21T14:58:17,b8ecf4ce,7,0.13,0.0016,0.9006,0.957,0.3874,0.1453,0.0433,POSTURA CHIUSA,TESO
2026-06-21T14:58:18,b8ecf4ce,7,0.07,0.0022,0.9109,0.9583,0.3818,0.1698,0.056,POSTURA CHIUSA,TESO
2026-06-21T14:58:19,b8ecf4ce,7,0.05,0.0017,0.8867,0.9478,0.3828,0.1784,0.0555,POSTURA CHIUSA,TESO
2026-06-21T14:58:19,b8ecf4ce,7,0.01,0.0045,0.8752,0.9624,0.3804,0.1739,0.033,POSTURA NEUTRA,TESO
2026-06-21T14:58:20,b8ecf4ce,7,0.0,0.0083,0.8817,0.9655,0.3697,0.1738,0.0381,POSTURA CHIUSA,NEUTRO
2026-06-21T14:58:20,b8ecf4ce,7,0.0,0.0077,0.8864,0.9699,0.3833,0.1829,0.0329,POSTURA NEUTRA,TESO
2026-06-21T14:58:21,b8ecf4ce,7,0.0,0.0106,0.9046,0.9652,0.3724,0.1776,0.0357,POSTURA CHIUSA,NEUTRO
2026-06-21T14:58:21,b8ecf4ce,7,0.0,0.01,0.9022,0.9677,0.3784,0.1863,0.0356,POSTURA CHIUSA,NEUTRO
2026-06-21T14:58:22,b8ecf4ce,7,0.0,0.0085,0.9126,0.9688,0.3704,0.1802,0.0421,POSTURA CHIUSA,TESO
2026-06-21T14:58:22,b8ecf4ce,7,0.0,0.01,0.9094,0.9683,0.3862,0.1843,0.0319,POSTURA NEUTRA,TESO
2026-06-21T14:58:23,b8ecf4ce,7,0.0,0.0079,0.9021,0.9632,0.3859,0.1777,0.0344,POSTURA NEUTRA,NEUTRO
2026-06-21T14:58:23,b8ecf4ce,7,0.0,0.009,0.655,0.9118,0.4627,0.2173,0.0371,POSTURA CHIUSA,NEUTRO
2026-06-21T14:58:24,b8ecf4ce,7,0.0,0.0085,0.8824,0.9505,0.5122,0.2077,0.0341,POSTURA NEUTRA,NEUTRO
2026-06-21T14:58:24,b8ecf4ce,7,0.0,0.0078,0.9078,0.9431,0.5893,0.0909,0.0407,POSTURA CHIUSA,TESO
2026-06-21T14:58:25,b8ecf4ce,7,0.0,0.0121,0.8105,0.8814,0.5776,0.1329,0.0344,POSTURA NEUTRA,TESO
2026-06-21T14:58:26,b8ecf4ce,7,0.0,0.0093,0.7783,0.8646,0.5911,0.1819,0.0363,POSTURA CHIUSA,NEUTRO
2026-06-21T14:58:26,b8ecf4ce,7,0.0,0.008,0.7858,0.9041,0.5746,0.2048,0.0672,POSTURA CHIUSA,TESO
2026-06-21T14:58:27,b8ecf4ce,7,0.0,0.0054,0.7675,0.8998,0.5973,0.1497,0.062,POSTURA CHIUSA,TESO
2026-06-21T14:58:28,b8ecf4ce,7,0.0,0.0068,0.7015,0.8865,0.5883,0.1398,0.0497,POSTURA CHIUSA,TESO
2026-06-21T14:58:28,b8ecf4ce,7,0.0,0.0126,0.8663,0.9019,0.5792,0.1948,0.0587,POSTURA CHIUSA,TESO
2026-06-21T14:58:29,b8ecf4ce,7,0.0,0.0118,0.8041,0.8632,0.5639,0.141,0.0568,POSTURA CHIUSA,TESO
2026-06-21T14:58:29,b8ecf4ce,7,0.0,0.0098,0.7761,0.8514,0.5646,0.1617,0.0615,POSTURA CHIUSA,TESO
2026-06-21T14:58:31,b8ecf4ce,7,0.0,0.0049,0.7888,0.8651,0.5465,0.1575,0.0644,POSTURA CHIUSA,TESO
2026-06-21T14:58:33,b8ecf4ce,7,0.0,0.0063,0.8094,0.8597,0.5451,0.1696,0.052,POSTURA CHIUSA,TESO
2026-06-21T14:58:33,b8ecf4ce,7,0.0,0.0085,0.7116,0.8225,0.5595,0.1774,0.0572,POSTURA CHIUSA,TESO
2026-06-21T14:58:34,b8ecf4ce,7,0.0,0.0096,0.7794,0.84,0.5686,0.1883,0.0657,POSTURA CHIUSA,TESO
2026-06-21T14:58:34,b8ecf4ce,7,0.0,0.007,0.7897,0.8953,0.561,0.1494,0.0605,POSTURA CHIUSA,TESO
2026-06-21T14:58:36,b8ecf4ce,7,0.0,0.0054,0.8672,0.8959,0.5634,0.1507,0.0636,POSTURA CHIUSA,TESO
2026-06-21T14:58:36,b8ecf4ce,7,0.0,0.0095,0.72,0.8326,0.5609,0.1976,0.0727,POSTURA CHIUSA,TESO
2026-06-21T14:58:37,b8ecf4ce,7,0.0,0.01,0.7322,0.8197,0.5836,0.1741,0.0542,POSTURA CHIUSA,TESO
2026-06-21T14:58:37,b8ecf4ce,7,0.0,0.0105,0.7278,0.8294,0.5743,0.1665,0.0608,POSTURA CHIUSA,TESO
2026-06-21T14:58:38,b8ecf4ce,7,0.0,0.0099,0.7559,0.8383,0.5753,0.1894,0.0677,POSTURA CHIUSA,TESO
2026-06-21T14:58:38,b8ecf4ce,7,0.0,0.009,0.857,0.9094,0.5552,0.1944,0.0683,POSTURA CHIUSA,TESO
2026-06-21T14:58:39,b8ecf4ce,7,0.0,0.0178,0.806,0.9028,0.5836,0.1852,0.0764,POSTURA CHIUSA,TESO
2026-06-21T14:58:39,b8ecf4ce,7,0.0,0.0185,0.8251,0.9192,0.5646,0.1769,0.0631,POSTURA CHIUSA,TESO
2026-06-21T14:58:41,b8ecf4ce,7,0.0,0.0116,0.8962,0.9453,0.5134,0.1454,0.0482,POSTURA CHIUSA,TESO
2026-06-21T14:58:42,b8ecf4ce,7,0.0,0.013,0.851,0.946,0.5314,0.1455,0.0568,POSTURA CHIUSA,TESO
2026-06-21T14:58:42,b8ecf4ce,7,0.0,0.0165,0.9044,0.9596,0.5519,0.1573,0.0561,POSTURA CHIUSA,TESO
2026-06-21T14:58:43,b8ecf4ce,7,0.0,0.0141,0.67,0.806,0.5656,0.1997,0.0684,POSTURA CHIUSA,TESO
